User,Subtask,State,Result
userid_3abeecbe-327a-441e-be2a-0dd3763c1d45,"[1, 2]",Sensemaking,NED
userid_3abeecbe-327a-441e-be2a-0dd3763c1d45,"[1, 2]",Foraging,NED
userid_3abeecbe-327a-441e-be2a-0dd3763c1d45,"[1, 2]",Navigation,True
userid_44968286-f204-4ad6-a9b5-d95b38e97866,"[1, 2]",Sensemaking,True
userid_44968286-f204-4ad6-a9b5-d95b38e97866,"[1, 2]",Foraging,False
userid_44968286-f204-4ad6-a9b5-d95b38e97866,"[1, 2]",Navigation,False
userid_6d49fab8-273b-4a91-948b-ecd14556b049,"[1, 2]",Sensemaking,False
userid_6d49fab8-273b-4a91-948b-ecd14556b049,"[1, 2]",Foraging,False
userid_6d49fab8-273b-4a91-948b-ecd14556b049,"[1, 2]",Navigation,True
userid_72a8d170-77ae-400e-b2a5-de9e1d33a714,"[1, 2]",Sensemaking,True
userid_72a8d170-77ae-400e-b2a5-de9e1d33a714,"[1, 2]",Foraging,False
userid_72a8d170-77ae-400e-b2a5-de9e1d33a714,"[1, 2]",Navigation,False
userid_733a1ac5-0b01-485e-9b29-ac33932aa240,"[1, 2]",Sensemaking,True
userid_733a1ac5-0b01-485e-9b29-ac33932aa240,"[1, 2]",Foraging,NED
userid_733a1ac5-0b01-485e-9b29-ac33932aa240,"[1, 2]",Navigation,False
userid_7d014c75-453b-4188-9e4e-fb086984896a,"[1, 2]",Sensemaking,False
userid_7d014c75-453b-4188-9e4e-fb086984896a,"[1, 2]",Foraging,True
userid_7d014c75-453b-4188-9e4e-fb086984896a,"[1, 2]",Navigation,False
userid_82316e37-1117-4663-84b4-ddb6455c83b2,"[1, 2]",Sensemaking,NED
userid_82316e37-1117-4663-84b4-ddb6455c83b2,"[1, 2]",Foraging,NED
userid_82316e37-1117-4663-84b4-ddb6455c83b2,"[1, 2]",Navigation,True
userid_8b544d24-3274-4bb0-9719-fd2bccc87b02,"[1, 2]",Sensemaking,True
userid_8b544d24-3274-4bb0-9719-fd2bccc87b02,"[1, 2]",Foraging,False
userid_8b544d24-3274-4bb0-9719-fd2bccc87b02,"[1, 2]",Navigation,True
userid_8bf5b71b-dfd4-403f-8791-06427b26ccaf,"[1, 2]",Sensemaking,True
userid_8bf5b71b-dfd4-403f-8791-06427b26ccaf,"[1, 2]",Foraging,False
userid_8bf5b71b-dfd4-403f-8791-06427b26ccaf,"[1, 2]",Navigation,True
userid_93be0a02-3f7a-46c9-b526-aa956ed00856,"[1, 2]",Sensemaking,False
userid_93be0a02-3f7a-46c9-b526-aa956ed00856,"[1, 2]",Foraging,True
userid_93be0a02-3f7a-46c9-b526-aa956ed00856,"[1, 2]",Navigation,True
userid_954edb7c-4eae-47ab-9338-5c5c7eccac2d,"[1, 2]",Sensemaking,True
userid_954edb7c-4eae-47ab-9338-5c5c7eccac2d,"[1, 2]",Foraging,False
userid_954edb7c-4eae-47ab-9338-5c5c7eccac2d,"[1, 2]",Navigation,True
userid_a6aab5f5-fdb6-41df-9fc6-221d70f8c6e8,"[1, 2]",Sensemaking,False
userid_a6aab5f5-fdb6-41df-9fc6-221d70f8c6e8,"[1, 2]",Foraging,False
userid_a6aab5f5-fdb6-41df-9fc6-221d70f8c6e8,"[1, 2]",Navigation,True
userid_ac5b65d7-f260-4534-9fae-d998b726ed32,"[1, 2]",Sensemaking,False
userid_ac5b65d7-f260-4534-9fae-d998b726ed32,"[1, 2]",Foraging,True
userid_ac5b65d7-f260-4534-9fae-d998b726ed32,"[1, 2]",Navigation,True
userid_bc9f9425-e867-4876-a5d9-791229916767,"[1, 2]",Sensemaking,NED
userid_bc9f9425-e867-4876-a5d9-791229916767,"[1, 2]",Foraging,True
userid_bc9f9425-e867-4876-a5d9-791229916767,"[1, 2]",Navigation,False
userid_bda49380-37ad-41c5-a109-7fa198a7691a,"[1, 2]",Sensemaking,False
userid_bda49380-37ad-41c5-a109-7fa198a7691a,"[1, 2]",Foraging,True
userid_bda49380-37ad-41c5-a109-7fa198a7691a,"[1, 2]",Navigation,True
userid_cd3ef507-e3e9-4edb-9222-90a69a9bf272,"[1, 2]",Sensemaking,NED
userid_cd3ef507-e3e9-4edb-9222-90a69a9bf272,"[1, 2]",Foraging,False
userid_cd3ef507-e3e9-4edb-9222-90a69a9bf272,"[1, 2]",Navigation,True
userid_d6555293-35c7-4c27-b522-38d67d2d1b1a,"[1, 2]",Sensemaking,False
userid_d6555293-35c7-4c27-b522-38d67d2d1b1a,"[1, 2]",Foraging,NED
userid_d6555293-35c7-4c27-b522-38d67d2d1b1a,"[1, 2]",Navigation,True
userid_da52acdd-3cea-483c-86e5-2c2740d371aa,"[1, 2]",Sensemaking,True
userid_da52acdd-3cea-483c-86e5-2c2740d371aa,"[1, 2]",Foraging,False
userid_da52acdd-3cea-483c-86e5-2c2740d371aa,"[1, 2]",Navigation,False
userid_e4221e48-0930-40db-af3c-f4de1ed87582,"[1, 2]",Sensemaking,NED
userid_e4221e48-0930-40db-af3c-f4de1ed87582,"[1, 2]",Foraging,False
userid_e4221e48-0930-40db-af3c-f4de1ed87582,"[1, 2]",Navigation,True
userid_ff56863b-0710-4a58-ad22-4bf2889c9bc0,"[1, 2]",Sensemaking,True
userid_ff56863b-0710-4a58-ad22-4bf2889c9bc0,"[1, 2]",Foraging,True
userid_ff56863b-0710-4a58-ad22-4bf2889c9bc0,"[1, 2]",Navigation,True
