User,ROI_Cycle,NorthernRockiesPlains,SouthWest,NorthWest,Northeast,Other,None
userid_3abeecbe-327a-441e-be2a-0dd3763c1d45,1,Sensemaking,NA,NA,NA,Navigation,Foraging
userid_44968286-f204-4ad6-a9b5-d95b38e97866,1,NA,NA,Sensemaking,NA,Foraging,Foraging
userid_44968286-f204-4ad6-a9b5-d95b38e97866,2,NA,NA,Navigation,NA,NA,Sensemaking
userid_44968286-f204-4ad6-a9b5-d95b38e97866,3,Navigation,NA,Navigation,NA,Foraging,Foraging
userid_44968286-f204-4ad6-a9b5-d95b38e97866,4,Navigation,NA,NA,Navigation,Foraging,NA
userid_44968286-f204-4ad6-a9b5-d95b38e97866,5,Navigation,Navigation,NA,Navigation,Navigation,Navigation
userid_44968286-f204-4ad6-a9b5-d95b38e97866,6,Foraging,NA,NA,NA,Sensemaking,Foraging
userid_44968286-f204-4ad6-a9b5-d95b38e97866,7,Navigation,NA,NA,NA,Navigation,NA
userid_6d49fab8-273b-4a91-948b-ecd14556b049,1,NA,NA,Sensemaking,NA,Foraging,Foraging
userid_6d49fab8-273b-4a91-948b-ecd14556b049,2,Navigation,NA,Navigation,Navigation,Foraging,Navigation
userid_6d49fab8-273b-4a91-948b-ecd14556b049,3,Navigation,NA,NA,Navigation,Foraging,Foraging
userid_6d49fab8-273b-4a91-948b-ecd14556b049,4,Navigation,Navigation,NA,Navigation,Foraging,Sensemaking
userid_6d49fab8-273b-4a91-948b-ecd14556b049,5,NA,Navigation,NA,NA,Navigation,Foraging
userid_72a8d170-77ae-400e-b2a5-de9e1d33a714,1,Sensemaking,NA,NA,NA,Foraging,Foraging
userid_72a8d170-77ae-400e-b2a5-de9e1d33a714,2,Navigation,NA,Sensemaking,NA,Navigation,Navigation
userid_72a8d170-77ae-400e-b2a5-de9e1d33a714,3,NA,NA,Navigation,NA,Foraging,Navigation
userid_72a8d170-77ae-400e-b2a5-de9e1d33a714,4,Navigation,NA,Navigation,NA,Foraging,Navigation
userid_72a8d170-77ae-400e-b2a5-de9e1d33a714,5,Navigation,NA,NA,NA,Foraging,Foraging
userid_72a8d170-77ae-400e-b2a5-de9e1d33a714,6,Navigation,NA,NA,Foraging,Foraging,Foraging
userid_733a1ac5-0b01-485e-9b29-ac33932aa240,1,NA,NA,NA,NA,Sensemaking,Navigation
userid_733a1ac5-0b01-485e-9b29-ac33932aa240,2,Sensemaking,Sensemaking,NA,NA,Sensemaking,Navigation
userid_733a1ac5-0b01-485e-9b29-ac33932aa240,3,Navigation,NA,Sensemaking,Navigation,Foraging,Foraging
userid_7d014c75-453b-4188-9e4e-fb086984896a,1,Foraging,NA,Navigation,NA,Foraging,Foraging
userid_7d014c75-453b-4188-9e4e-fb086984896a,2,Sensemaking,Sensemaking,Navigation,Foraging,Navigation,Foraging
userid_7d014c75-453b-4188-9e4e-fb086984896a,3,Sensemaking,Sensemaking,NA,NA,NA,NA
userid_7d014c75-453b-4188-9e4e-fb086984896a,4,Navigation,NA,NA,NA,NA,NA
userid_7d014c75-453b-4188-9e4e-fb086984896a,5,Navigation,NA,NA,Sensemaking,NA,NA
userid_7d014c75-453b-4188-9e4e-fb086984896a,6,NA,NA,NA,Navigation,NA,Sensemaking
userid_7d014c75-453b-4188-9e4e-fb086984896a,7,Sensemaking,Sensemaking,NA,Navigation,Sensemaking,Sensemaking
userid_7d014c75-453b-4188-9e4e-fb086984896a,8,NA,NA,Navigation,NA,NA,NA
userid_7d014c75-453b-4188-9e4e-fb086984896a,9,Navigation,NA,Navigation,NA,Sensemaking,Navigation
userid_7d014c75-453b-4188-9e4e-fb086984896a,10,Navigation,Sensemaking,NA,NA,Navigation,Foraging
userid_7d014c75-453b-4188-9e4e-fb086984896a,11,Sensemaking,Navigation,NA,NA,Foraging,NA
userid_82316e37-1117-4663-84b4-ddb6455c83b2,1,NA,NA,Navigation,NA,Navigation,Navigation
userid_82316e37-1117-4663-84b4-ddb6455c83b2,2,Navigation,NA,Navigation,Foraging,Foraging,Foraging
userid_82316e37-1117-4663-84b4-ddb6455c83b2,3,Sensemaking,Sensemaking,NA,NA,Navigation,Foraging
userid_82316e37-1117-4663-84b4-ddb6455c83b2,4,Navigation,NA,NA,NA,NA,NA
userid_8b544d24-3274-4bb0-9719-fd2bccc87b02,1,Navigation,NA,NA,NA,Navigation,Foraging
userid_8b544d24-3274-4bb0-9719-fd2bccc87b02,2,Sensemaking,NA,NA,NA,NA,NA
userid_8b544d24-3274-4bb0-9719-fd2bccc87b02,3,Navigation,NA,NA,NA,Foraging,Foraging
userid_8b544d24-3274-4bb0-9719-fd2bccc87b02,4,Navigation,Sensemaking,NA,NA,Navigation,Navigation
userid_8bf5b71b-dfd4-403f-8791-06427b26ccaf,1,NA,NA,NA,Sensemaking,Navigation,Foraging
userid_8bf5b71b-dfd4-403f-8791-06427b26ccaf,2,NA,NA,NA,Navigation,Navigation,Sensemaking
userid_8bf5b71b-dfd4-403f-8791-06427b26ccaf,3,NA,NA,NA,NA,Sensemaking,Navigation
userid_8bf5b71b-dfd4-403f-8791-06427b26ccaf,4,Navigation,Foraging,Navigation,NA,NA,Foraging
userid_8bf5b71b-dfd4-403f-8791-06427b26ccaf,5,Foraging,NA,Navigation,NA,Navigation,Navigation
userid_8bf5b71b-dfd4-403f-8791-06427b26ccaf,6,Navigation,NA,NA,NA,Foraging,NA
userid_8bf5b71b-dfd4-403f-8791-06427b26ccaf,7,Navigation,Navigation,NA,NA,Navigation,Foraging
userid_93be0a02-3f7a-46c9-b526-aa956ed00856,1,Sensemaking,NA,NA,NA,Navigation,Foraging
userid_93be0a02-3f7a-46c9-b526-aa956ed00856,2,Navigation,NA,Sensemaking,NA,Foraging,Navigation
userid_93be0a02-3f7a-46c9-b526-aa956ed00856,3,Foraging,NA,Navigation,NA,Foraging,Foraging
userid_93be0a02-3f7a-46c9-b526-aa956ed00856,4,Sensemaking,NA,NA,NA,NA,NA
userid_93be0a02-3f7a-46c9-b526-aa956ed00856,5,Sensemaking,Sensemaking,NA,NA,Sensemaking,Sensemaking
userid_93be0a02-3f7a-46c9-b526-aa956ed00856,6,Navigation,Navigation,NA,NA,Foraging,Navigation
userid_954edb7c-4eae-47ab-9338-5c5c7eccac2d,1,Navigation,Navigation,NA,NA,Navigation,Foraging
userid_954edb7c-4eae-47ab-9338-5c5c7eccac2d,2,Navigation,Navigation,Sensemaking,NA,Foraging,Navigation
userid_954edb7c-4eae-47ab-9338-5c5c7eccac2d,3,Navigation,NA,Navigation,Navigation,Navigation,Navigation
userid_954edb7c-4eae-47ab-9338-5c5c7eccac2d,4,Navigation,NA,NA,NA,Foraging,NA
userid_954edb7c-4eae-47ab-9338-5c5c7eccac2d,5,Navigation,Sensemaking,NA,NA,Navigation,Foraging
userid_a6aab5f5-fdb6-41df-9fc6-221d70f8c6e8,1,NA,NA,NA,NA,Sensemaking,Navigation
userid_a6aab5f5-fdb6-41df-9fc6-221d70f8c6e8,2,Navigation,Navigation,NA,NA,Foraging,Navigation
userid_a6aab5f5-fdb6-41df-9fc6-221d70f8c6e8,3,Navigation,NA,NA,NA,Navigation,Navigation
userid_a6aab5f5-fdb6-41df-9fc6-221d70f8c6e8,4,Navigation,NA,NA,NA,Foraging,Sensemaking
userid_a6aab5f5-fdb6-41df-9fc6-221d70f8c6e8,5,Navigation,NA,NA,NA,Navigation,Foraging
userid_ac5b65d7-f260-4534-9fae-d998b726ed32,1,Sensemaking,NA,NA,NA,Navigation,Foraging
userid_ac5b65d7-f260-4534-9fae-d998b726ed32,2,Navigation,NA,NA,Foraging,Foraging,Foraging
userid_ac5b65d7-f260-4534-9fae-d998b726ed32,3,Navigation,NA,Navigation,NA,Foraging,Navigation
userid_ac5b65d7-f260-4534-9fae-d998b726ed32,4,Sensemaking,NA,Navigation,NA,Foraging,Navigation
userid_ac5b65d7-f260-4534-9fae-d998b726ed32,5,Navigation,NA,NA,NA,Navigation,Foraging
userid_ac5b65d7-f260-4534-9fae-d998b726ed32,6,Navigation,NA,Sensemaking,NA,Foraging,Navigation
userid_ac5b65d7-f260-4534-9fae-d998b726ed32,7,Sensemaking,Sensemaking,Navigation,Foraging,Navigation,Foraging
userid_bc9f9425-e867-4876-a5d9-791229916767,1,Navigation,NA,Sensemaking,NA,Foraging,Foraging
userid_bc9f9425-e867-4876-a5d9-791229916767,2,NA,NA,Navigation,Navigation,Foraging,Foraging
userid_bc9f9425-e867-4876-a5d9-791229916767,3,Foraging,NA,NA,Navigation,Foraging,Foraging
userid_bda49380-37ad-41c5-a109-7fa198a7691a,1,Sensemaking,NA,NA,NA,Navigation,Foraging
userid_bda49380-37ad-41c5-a109-7fa198a7691a,2,Navigation,Navigation,NA,NA,NA,NA
userid_bda49380-37ad-41c5-a109-7fa198a7691a,3,Navigation,NA,Sensemaking,NA,Navigation,Navigation
userid_bda49380-37ad-41c5-a109-7fa198a7691a,4,Sensemaking,Sensemaking,Navigation,NA,Foraging,Navigation
userid_bda49380-37ad-41c5-a109-7fa198a7691a,5,Navigation,NA,Sensemaking,Foraging,Foraging,Foraging
userid_bda49380-37ad-41c5-a109-7fa198a7691a,6,Navigation,Sensemaking,Navigation,NA,Navigation,Foraging
userid_bda49380-37ad-41c5-a109-7fa198a7691a,7,Sensemaking,NA,NA,NA,Navigation,Sensemaking
userid_cd3ef507-e3e9-4edb-9222-90a69a9bf272,1,Sensemaking,NA,NA,Foraging,Foraging,Foraging
userid_cd3ef507-e3e9-4edb-9222-90a69a9bf272,2,NA,NA,Navigation,NA,Foraging,Navigation
userid_cd3ef507-e3e9-4edb-9222-90a69a9bf272,3,Navigation,Navigation,Navigation,Foraging,Foraging,Navigation
userid_cd3ef507-e3e9-4edb-9222-90a69a9bf272,4,Sensemaking,NA,NA,Foraging,Foraging,Navigation
userid_d6555293-35c7-4c27-b522-38d67d2d1b1a,1,Navigation,NA,NA,Navigation,Navigation,Navigation
userid_d6555293-35c7-4c27-b522-38d67d2d1b1a,2,Navigation,NA,NA,NA,Navigation,Navigation
userid_d6555293-35c7-4c27-b522-38d67d2d1b1a,3,Navigation,NA,NA,NA,NA,NA
userid_d6555293-35c7-4c27-b522-38d67d2d1b1a,4,Navigation,NA,Navigation,NA,Navigation,Navigation
userid_d6555293-35c7-4c27-b522-38d67d2d1b1a,5,Sensemaking,NA,Navigation,Sensemaking,Sensemaking,Navigation
userid_d6555293-35c7-4c27-b522-38d67d2d1b1a,6,Sensemaking,NA,NA,Foraging,Foraging,Foraging
userid_da52acdd-3cea-483c-86e5-2c2740d371aa,1,Sensemaking,Sensemaking,NA,NA,NA,Navigation
userid_da52acdd-3cea-483c-86e5-2c2740d371aa,2,Navigation,NA,Sensemaking,NA,Navigation,Navigation
userid_da52acdd-3cea-483c-86e5-2c2740d371aa,3,NA,NA,Sensemaking,NA,NA,Navigation
userid_da52acdd-3cea-483c-86e5-2c2740d371aa,4,Navigation,Navigation,Navigation,NA,Navigation,Navigation
userid_da52acdd-3cea-483c-86e5-2c2740d371aa,5,Navigation,NA,NA,NA,Foraging,Foraging
userid_da52acdd-3cea-483c-86e5-2c2740d371aa,6,Navigation,Navigation,NA,NA,Navigation,Navigation
userid_da52acdd-3cea-483c-86e5-2c2740d371aa,7,Navigation,NA,NA,NA,Foraging,Navigation
userid_da52acdd-3cea-483c-86e5-2c2740d371aa,8,Navigation,NA,NA,NA,Sensemaking,NA
userid_da52acdd-3cea-483c-86e5-2c2740d371aa,9,Navigation,NA,NA,NA,Navigation,Foraging
userid_e4221e48-0930-40db-af3c-f4de1ed87582,1,Navigation,NA,Navigation,NA,Navigation,Foraging
userid_e4221e48-0930-40db-af3c-f4de1ed87582,2,Navigation,Sensemaking,Navigation,NA,Navigation,Navigation
userid_e4221e48-0930-40db-af3c-f4de1ed87582,3,NA,Navigation,NA,Sensemaking,Foraging,NA
userid_e4221e48-0930-40db-af3c-f4de1ed87582,4,NA,NA,NA,Sensemaking,NA,NA
userid_ff56863b-0710-4a58-ad22-4bf2889c9bc0,1,NA,Navigation,NA,NA,Navigation,Foraging
userid_ff56863b-0710-4a58-ad22-4bf2889c9bc0,2,Sensemaking,Navigation,NA,NA,Navigation,NA
userid_ff56863b-0710-4a58-ad22-4bf2889c9bc0,3,Navigation,NA,Sensemaking,NA,Navigation,Navigation
userid_ff56863b-0710-4a58-ad22-4bf2889c9bc0,4,NA,NA,Navigation,NA,Foraging,Navigation
userid_ff56863b-0710-4a58-ad22-4bf2889c9bc0,5,Sensemaking,NA,Navigation,Sensemaking,Sensemaking,Navigation
userid_ff56863b-0710-4a58-ad22-4bf2889c9bc0,6,NA,NA,Navigation,Foraging,Foraging,Navigation
userid_ff56863b-0710-4a58-ad22-4bf2889c9bc0,7,Sensemaking,NA,Navigation,Foraging,Foraging,Foraging
userid_ff56863b-0710-4a58-ad22-4bf2889c9bc0,8,Navigation,Navigation,NA,NA,Navigation,Foraging
userid_ff56863b-0710-4a58-ad22-4bf2889c9bc0,9,Sensemaking,Navigation,NA,Foraging,Foraging,Sensemaking
userid_ff56863b-0710-4a58-ad22-4bf2889c9bc0,10,Sensemaking,NA,NA,NA,Foraging,NA
