User,ROI_Cycle,State,Result
userid_44968286-f204-4ad6-a9b5-d95b38e97866,"[0, 1]",Sensemaking,False
userid_44968286-f204-4ad6-a9b5-d95b38e97866,"[0, 2]",Sensemaking,NED
userid_44968286-f204-4ad6-a9b5-d95b38e97866,"[0, 3]",Sensemaking,NED
userid_44968286-f204-4ad6-a9b5-d95b38e97866,"[0, 4]",Sensemaking,NED
userid_44968286-f204-4ad6-a9b5-d95b38e97866,"[0, 5]",Sensemaking,False
userid_44968286-f204-4ad6-a9b5-d95b38e97866,"[0, 6]",Sensemaking,NED
userid_44968286-f204-4ad6-a9b5-d95b38e97866,"[1, 2]",Sensemaking,NED
userid_44968286-f204-4ad6-a9b5-d95b38e97866,"[1, 3]",Sensemaking,NED
userid_44968286-f204-4ad6-a9b5-d95b38e97866,"[1, 4]",Sensemaking,NED
userid_44968286-f204-4ad6-a9b5-d95b38e97866,"[1, 5]",Sensemaking,False
userid_44968286-f204-4ad6-a9b5-d95b38e97866,"[1, 6]",Sensemaking,NED
userid_44968286-f204-4ad6-a9b5-d95b38e97866,"[2, 3]",Sensemaking,NED
userid_44968286-f204-4ad6-a9b5-d95b38e97866,"[2, 4]",Sensemaking,NED
userid_44968286-f204-4ad6-a9b5-d95b38e97866,"[2, 5]",Sensemaking,NED
userid_44968286-f204-4ad6-a9b5-d95b38e97866,"[2, 6]",Sensemaking,NED
userid_44968286-f204-4ad6-a9b5-d95b38e97866,"[3, 4]",Sensemaking,NED
userid_44968286-f204-4ad6-a9b5-d95b38e97866,"[3, 5]",Sensemaking,NED
userid_44968286-f204-4ad6-a9b5-d95b38e97866,"[3, 6]",Sensemaking,NED
userid_44968286-f204-4ad6-a9b5-d95b38e97866,"[4, 5]",Sensemaking,NED
userid_44968286-f204-4ad6-a9b5-d95b38e97866,"[4, 6]",Sensemaking,NED
userid_44968286-f204-4ad6-a9b5-d95b38e97866,"[5, 6]",Sensemaking,NED
userid_44968286-f204-4ad6-a9b5-d95b38e97866,"[0, 1]",Foraging,NED
userid_44968286-f204-4ad6-a9b5-d95b38e97866,"[0, 2]",Foraging,False
userid_44968286-f204-4ad6-a9b5-d95b38e97866,"[0, 3]",Foraging,NED
userid_44968286-f204-4ad6-a9b5-d95b38e97866,"[0, 4]",Foraging,NED
userid_44968286-f204-4ad6-a9b5-d95b38e97866,"[0, 5]",Foraging,False
userid_44968286-f204-4ad6-a9b5-d95b38e97866,"[0, 6]",Foraging,NED
userid_44968286-f204-4ad6-a9b5-d95b38e97866,"[1, 2]",Foraging,NED
userid_44968286-f204-4ad6-a9b5-d95b38e97866,"[1, 3]",Foraging,NED
userid_44968286-f204-4ad6-a9b5-d95b38e97866,"[1, 4]",Foraging,NED
userid_44968286-f204-4ad6-a9b5-d95b38e97866,"[1, 5]",Foraging,NED
userid_44968286-f204-4ad6-a9b5-d95b38e97866,"[1, 6]",Foraging,NED
userid_44968286-f204-4ad6-a9b5-d95b38e97866,"[2, 3]",Foraging,NED
userid_44968286-f204-4ad6-a9b5-d95b38e97866,"[2, 4]",Foraging,NED
userid_44968286-f204-4ad6-a9b5-d95b38e97866,"[2, 5]",Foraging,False
userid_44968286-f204-4ad6-a9b5-d95b38e97866,"[2, 6]",Foraging,NED
userid_44968286-f204-4ad6-a9b5-d95b38e97866,"[3, 4]",Foraging,NED
userid_44968286-f204-4ad6-a9b5-d95b38e97866,"[3, 5]",Foraging,NED
userid_44968286-f204-4ad6-a9b5-d95b38e97866,"[3, 6]",Foraging,NED
userid_44968286-f204-4ad6-a9b5-d95b38e97866,"[4, 5]",Foraging,NED
userid_44968286-f204-4ad6-a9b5-d95b38e97866,"[4, 6]",Foraging,NED
userid_44968286-f204-4ad6-a9b5-d95b38e97866,"[5, 6]",Foraging,NED
userid_44968286-f204-4ad6-a9b5-d95b38e97866,"[0, 1]",Navigation,False
userid_44968286-f204-4ad6-a9b5-d95b38e97866,"[0, 2]",Navigation,False
userid_44968286-f204-4ad6-a9b5-d95b38e97866,"[0, 3]",Navigation,False
userid_44968286-f204-4ad6-a9b5-d95b38e97866,"[0, 4]",Navigation,False
userid_44968286-f204-4ad6-a9b5-d95b38e97866,"[0, 5]",Navigation,False
userid_44968286-f204-4ad6-a9b5-d95b38e97866,"[0, 6]",Navigation,False
userid_44968286-f204-4ad6-a9b5-d95b38e97866,"[1, 2]",Navigation,False
userid_44968286-f204-4ad6-a9b5-d95b38e97866,"[1, 3]",Navigation,False
userid_44968286-f204-4ad6-a9b5-d95b38e97866,"[1, 4]",Navigation,False
userid_44968286-f204-4ad6-a9b5-d95b38e97866,"[1, 5]",Navigation,False
userid_44968286-f204-4ad6-a9b5-d95b38e97866,"[1, 6]",Navigation,False
userid_44968286-f204-4ad6-a9b5-d95b38e97866,"[2, 3]",Navigation,False
userid_44968286-f204-4ad6-a9b5-d95b38e97866,"[2, 4]",Navigation,False
userid_44968286-f204-4ad6-a9b5-d95b38e97866,"[2, 5]",Navigation,False
userid_44968286-f204-4ad6-a9b5-d95b38e97866,"[2, 6]",Navigation,False
userid_44968286-f204-4ad6-a9b5-d95b38e97866,"[3, 4]",Navigation,False
userid_44968286-f204-4ad6-a9b5-d95b38e97866,"[3, 5]",Navigation,False
userid_44968286-f204-4ad6-a9b5-d95b38e97866,"[3, 6]",Navigation,False
userid_44968286-f204-4ad6-a9b5-d95b38e97866,"[4, 5]",Navigation,False
userid_44968286-f204-4ad6-a9b5-d95b38e97866,"[4, 6]",Navigation,False
userid_44968286-f204-4ad6-a9b5-d95b38e97866,"[5, 6]",Navigation,False
userid_6d49fab8-273b-4a91-948b-ecd14556b049,"[0, 1]",Sensemaking,NED
userid_6d49fab8-273b-4a91-948b-ecd14556b049,"[0, 2]",Sensemaking,NED
userid_6d49fab8-273b-4a91-948b-ecd14556b049,"[0, 3]",Sensemaking,NED
userid_6d49fab8-273b-4a91-948b-ecd14556b049,"[0, 4]",Sensemaking,NED
userid_6d49fab8-273b-4a91-948b-ecd14556b049,"[0, 5]",Sensemaking,NED
userid_6d49fab8-273b-4a91-948b-ecd14556b049,"[1, 2]",Sensemaking,NED
userid_6d49fab8-273b-4a91-948b-ecd14556b049,"[1, 3]",Sensemaking,NED
userid_6d49fab8-273b-4a91-948b-ecd14556b049,"[1, 4]",Sensemaking,NED
userid_6d49fab8-273b-4a91-948b-ecd14556b049,"[1, 5]",Sensemaking,NED
userid_6d49fab8-273b-4a91-948b-ecd14556b049,"[2, 3]",Sensemaking,NED
userid_6d49fab8-273b-4a91-948b-ecd14556b049,"[2, 4]",Sensemaking,NED
userid_6d49fab8-273b-4a91-948b-ecd14556b049,"[2, 5]",Sensemaking,NED
userid_6d49fab8-273b-4a91-948b-ecd14556b049,"[3, 4]",Sensemaking,NED
userid_6d49fab8-273b-4a91-948b-ecd14556b049,"[3, 5]",Sensemaking,NED
userid_6d49fab8-273b-4a91-948b-ecd14556b049,"[4, 5]",Sensemaking,NED
userid_6d49fab8-273b-4a91-948b-ecd14556b049,"[0, 1]",Foraging,NED
userid_6d49fab8-273b-4a91-948b-ecd14556b049,"[0, 2]",Foraging,False
userid_6d49fab8-273b-4a91-948b-ecd14556b049,"[0, 3]",Foraging,False
userid_6d49fab8-273b-4a91-948b-ecd14556b049,"[0, 4]",Foraging,False
userid_6d49fab8-273b-4a91-948b-ecd14556b049,"[0, 5]",Foraging,NED
userid_6d49fab8-273b-4a91-948b-ecd14556b049,"[1, 2]",Foraging,NED
userid_6d49fab8-273b-4a91-948b-ecd14556b049,"[1, 3]",Foraging,NED
userid_6d49fab8-273b-4a91-948b-ecd14556b049,"[1, 4]",Foraging,NED
userid_6d49fab8-273b-4a91-948b-ecd14556b049,"[1, 5]",Foraging,NED
userid_6d49fab8-273b-4a91-948b-ecd14556b049,"[2, 3]",Foraging,False
userid_6d49fab8-273b-4a91-948b-ecd14556b049,"[2, 4]",Foraging,False
userid_6d49fab8-273b-4a91-948b-ecd14556b049,"[2, 5]",Foraging,NED
userid_6d49fab8-273b-4a91-948b-ecd14556b049,"[3, 4]",Foraging,False
userid_6d49fab8-273b-4a91-948b-ecd14556b049,"[3, 5]",Foraging,NED
userid_6d49fab8-273b-4a91-948b-ecd14556b049,"[4, 5]",Foraging,NED
userid_6d49fab8-273b-4a91-948b-ecd14556b049,"[0, 1]",Navigation,NED
userid_6d49fab8-273b-4a91-948b-ecd14556b049,"[0, 2]",Navigation,NED
userid_6d49fab8-273b-4a91-948b-ecd14556b049,"[0, 3]",Navigation,NED
userid_6d49fab8-273b-4a91-948b-ecd14556b049,"[0, 4]",Navigation,NED
userid_6d49fab8-273b-4a91-948b-ecd14556b049,"[0, 5]",Navigation,NED
userid_6d49fab8-273b-4a91-948b-ecd14556b049,"[1, 2]",Navigation,False
userid_6d49fab8-273b-4a91-948b-ecd14556b049,"[1, 3]",Navigation,False
userid_6d49fab8-273b-4a91-948b-ecd14556b049,"[1, 4]",Navigation,False
userid_6d49fab8-273b-4a91-948b-ecd14556b049,"[1, 5]",Navigation,False
userid_6d49fab8-273b-4a91-948b-ecd14556b049,"[2, 3]",Navigation,False
userid_6d49fab8-273b-4a91-948b-ecd14556b049,"[2, 4]",Navigation,False
userid_6d49fab8-273b-4a91-948b-ecd14556b049,"[2, 5]",Navigation,False
userid_6d49fab8-273b-4a91-948b-ecd14556b049,"[3, 4]",Navigation,False
userid_6d49fab8-273b-4a91-948b-ecd14556b049,"[3, 5]",Navigation,False
userid_6d49fab8-273b-4a91-948b-ecd14556b049,"[4, 5]",Navigation,False
userid_72a8d170-77ae-400e-b2a5-de9e1d33a714,"[0, 1]",Sensemaking,NED
userid_72a8d170-77ae-400e-b2a5-de9e1d33a714,"[0, 2]",Sensemaking,NED
userid_72a8d170-77ae-400e-b2a5-de9e1d33a714,"[0, 3]",Sensemaking,NED
userid_72a8d170-77ae-400e-b2a5-de9e1d33a714,"[0, 4]",Sensemaking,NED
userid_72a8d170-77ae-400e-b2a5-de9e1d33a714,"[0, 5]",Sensemaking,NED
userid_72a8d170-77ae-400e-b2a5-de9e1d33a714,"[0, 6]",Sensemaking,NED
userid_72a8d170-77ae-400e-b2a5-de9e1d33a714,"[1, 2]",Sensemaking,NED
userid_72a8d170-77ae-400e-b2a5-de9e1d33a714,"[1, 3]",Sensemaking,NED
userid_72a8d170-77ae-400e-b2a5-de9e1d33a714,"[1, 4]",Sensemaking,NED
userid_72a8d170-77ae-400e-b2a5-de9e1d33a714,"[1, 5]",Sensemaking,NED
userid_72a8d170-77ae-400e-b2a5-de9e1d33a714,"[1, 6]",Sensemaking,NED
userid_72a8d170-77ae-400e-b2a5-de9e1d33a714,"[2, 3]",Sensemaking,NED
userid_72a8d170-77ae-400e-b2a5-de9e1d33a714,"[2, 4]",Sensemaking,NED
userid_72a8d170-77ae-400e-b2a5-de9e1d33a714,"[2, 5]",Sensemaking,NED
userid_72a8d170-77ae-400e-b2a5-de9e1d33a714,"[2, 6]",Sensemaking,NED
userid_72a8d170-77ae-400e-b2a5-de9e1d33a714,"[3, 4]",Sensemaking,NED
userid_72a8d170-77ae-400e-b2a5-de9e1d33a714,"[3, 5]",Sensemaking,NED
userid_72a8d170-77ae-400e-b2a5-de9e1d33a714,"[3, 6]",Sensemaking,NED
userid_72a8d170-77ae-400e-b2a5-de9e1d33a714,"[4, 5]",Sensemaking,NED
userid_72a8d170-77ae-400e-b2a5-de9e1d33a714,"[4, 6]",Sensemaking,NED
userid_72a8d170-77ae-400e-b2a5-de9e1d33a714,"[5, 6]",Sensemaking,NED
userid_72a8d170-77ae-400e-b2a5-de9e1d33a714,"[0, 1]",Foraging,NED
userid_72a8d170-77ae-400e-b2a5-de9e1d33a714,"[0, 2]",Foraging,False
userid_72a8d170-77ae-400e-b2a5-de9e1d33a714,"[0, 3]",Foraging,NED
userid_72a8d170-77ae-400e-b2a5-de9e1d33a714,"[0, 4]",Foraging,NED
userid_72a8d170-77ae-400e-b2a5-de9e1d33a714,"[0, 5]",Foraging,False
userid_72a8d170-77ae-400e-b2a5-de9e1d33a714,"[0, 6]",Foraging,False
userid_72a8d170-77ae-400e-b2a5-de9e1d33a714,"[1, 2]",Foraging,NED
userid_72a8d170-77ae-400e-b2a5-de9e1d33a714,"[1, 3]",Foraging,NED
userid_72a8d170-77ae-400e-b2a5-de9e1d33a714,"[1, 4]",Foraging,NED
userid_72a8d170-77ae-400e-b2a5-de9e1d33a714,"[1, 5]",Foraging,NED
userid_72a8d170-77ae-400e-b2a5-de9e1d33a714,"[1, 6]",Foraging,NED
userid_72a8d170-77ae-400e-b2a5-de9e1d33a714,"[2, 3]",Foraging,NED
userid_72a8d170-77ae-400e-b2a5-de9e1d33a714,"[2, 4]",Foraging,NED
userid_72a8d170-77ae-400e-b2a5-de9e1d33a714,"[2, 5]",Foraging,False
userid_72a8d170-77ae-400e-b2a5-de9e1d33a714,"[2, 6]",Foraging,False
userid_72a8d170-77ae-400e-b2a5-de9e1d33a714,"[3, 4]",Foraging,NED
userid_72a8d170-77ae-400e-b2a5-de9e1d33a714,"[3, 5]",Foraging,NED
userid_72a8d170-77ae-400e-b2a5-de9e1d33a714,"[3, 6]",Foraging,NED
userid_72a8d170-77ae-400e-b2a5-de9e1d33a714,"[4, 5]",Foraging,NED
userid_72a8d170-77ae-400e-b2a5-de9e1d33a714,"[4, 6]",Foraging,NED
userid_72a8d170-77ae-400e-b2a5-de9e1d33a714,"[5, 6]",Foraging,False
userid_72a8d170-77ae-400e-b2a5-de9e1d33a714,"[0, 1]",Navigation,False
userid_72a8d170-77ae-400e-b2a5-de9e1d33a714,"[0, 2]",Navigation,False
userid_72a8d170-77ae-400e-b2a5-de9e1d33a714,"[0, 3]",Navigation,NED
userid_72a8d170-77ae-400e-b2a5-de9e1d33a714,"[0, 4]",Navigation,False
userid_72a8d170-77ae-400e-b2a5-de9e1d33a714,"[0, 5]",Navigation,False
userid_72a8d170-77ae-400e-b2a5-de9e1d33a714,"[0, 6]",Navigation,False
userid_72a8d170-77ae-400e-b2a5-de9e1d33a714,"[1, 2]",Navigation,False
userid_72a8d170-77ae-400e-b2a5-de9e1d33a714,"[1, 3]",Navigation,NED
userid_72a8d170-77ae-400e-b2a5-de9e1d33a714,"[1, 4]",Navigation,False
userid_72a8d170-77ae-400e-b2a5-de9e1d33a714,"[1, 5]",Navigation,False
userid_72a8d170-77ae-400e-b2a5-de9e1d33a714,"[1, 6]",Navigation,False
userid_72a8d170-77ae-400e-b2a5-de9e1d33a714,"[2, 3]",Navigation,NED
userid_72a8d170-77ae-400e-b2a5-de9e1d33a714,"[2, 4]",Navigation,False
userid_72a8d170-77ae-400e-b2a5-de9e1d33a714,"[2, 5]",Navigation,False
userid_72a8d170-77ae-400e-b2a5-de9e1d33a714,"[2, 6]",Navigation,False
userid_72a8d170-77ae-400e-b2a5-de9e1d33a714,"[3, 4]",Navigation,NED
userid_72a8d170-77ae-400e-b2a5-de9e1d33a714,"[3, 5]",Navigation,NED
userid_72a8d170-77ae-400e-b2a5-de9e1d33a714,"[3, 6]",Navigation,NED
userid_72a8d170-77ae-400e-b2a5-de9e1d33a714,"[4, 5]",Navigation,False
userid_72a8d170-77ae-400e-b2a5-de9e1d33a714,"[4, 6]",Navigation,False
userid_72a8d170-77ae-400e-b2a5-de9e1d33a714,"[5, 6]",Navigation,False
userid_733a1ac5-0b01-485e-9b29-ac33932aa240,"[0, 1]",Sensemaking,NED
userid_733a1ac5-0b01-485e-9b29-ac33932aa240,"[0, 2]",Sensemaking,NED
userid_733a1ac5-0b01-485e-9b29-ac33932aa240,"[1, 2]",Sensemaking,NED
userid_733a1ac5-0b01-485e-9b29-ac33932aa240,"[0, 1]",Foraging,NED
userid_733a1ac5-0b01-485e-9b29-ac33932aa240,"[0, 2]",Foraging,NED
userid_733a1ac5-0b01-485e-9b29-ac33932aa240,"[1, 2]",Foraging,NED
userid_733a1ac5-0b01-485e-9b29-ac33932aa240,"[0, 1]",Navigation,NED
userid_733a1ac5-0b01-485e-9b29-ac33932aa240,"[0, 2]",Navigation,NED
userid_733a1ac5-0b01-485e-9b29-ac33932aa240,"[1, 2]",Navigation,True
userid_7d014c75-453b-4188-9e4e-fb086984896a,"[0, 1]",Sensemaking,NED
userid_7d014c75-453b-4188-9e4e-fb086984896a,"[0, 2]",Sensemaking,NED
userid_7d014c75-453b-4188-9e4e-fb086984896a,"[0, 3]",Sensemaking,NED
userid_7d014c75-453b-4188-9e4e-fb086984896a,"[0, 4]",Sensemaking,NED
userid_7d014c75-453b-4188-9e4e-fb086984896a,"[0, 5]",Sensemaking,NED
userid_7d014c75-453b-4188-9e4e-fb086984896a,"[0, 6]",Sensemaking,NED
userid_7d014c75-453b-4188-9e4e-fb086984896a,"[0, 7]",Sensemaking,NED
userid_7d014c75-453b-4188-9e4e-fb086984896a,"[0, 8]",Sensemaking,NED
userid_7d014c75-453b-4188-9e4e-fb086984896a,"[0, 9]",Sensemaking,NED
userid_7d014c75-453b-4188-9e4e-fb086984896a,"[0, 10]",Sensemaking,NED
userid_7d014c75-453b-4188-9e4e-fb086984896a,"[1, 2]",Sensemaking,False
userid_7d014c75-453b-4188-9e4e-fb086984896a,"[1, 3]",Sensemaking,False
userid_7d014c75-453b-4188-9e4e-fb086984896a,"[1, 4]",Sensemaking,False
userid_7d014c75-453b-4188-9e4e-fb086984896a,"[1, 5]",Sensemaking,False
userid_7d014c75-453b-4188-9e4e-fb086984896a,"[1, 6]",Sensemaking,False
userid_7d014c75-453b-4188-9e4e-fb086984896a,"[1, 7]",Sensemaking,NED
userid_7d014c75-453b-4188-9e4e-fb086984896a,"[1, 8]",Sensemaking,False
userid_7d014c75-453b-4188-9e4e-fb086984896a,"[1, 9]",Sensemaking,False
userid_7d014c75-453b-4188-9e4e-fb086984896a,"[1, 10]",Sensemaking,False
userid_7d014c75-453b-4188-9e4e-fb086984896a,"[2, 3]",Sensemaking,False
userid_7d014c75-453b-4188-9e4e-fb086984896a,"[2, 4]",Sensemaking,False
userid_7d014c75-453b-4188-9e4e-fb086984896a,"[2, 5]",Sensemaking,False
userid_7d014c75-453b-4188-9e4e-fb086984896a,"[2, 6]",Sensemaking,False
userid_7d014c75-453b-4188-9e4e-fb086984896a,"[2, 7]",Sensemaking,NED
userid_7d014c75-453b-4188-9e4e-fb086984896a,"[2, 8]",Sensemaking,False
userid_7d014c75-453b-4188-9e4e-fb086984896a,"[2, 9]",Sensemaking,False
userid_7d014c75-453b-4188-9e4e-fb086984896a,"[2, 10]",Sensemaking,False
userid_7d014c75-453b-4188-9e4e-fb086984896a,"[3, 4]",Sensemaking,False
userid_7d014c75-453b-4188-9e4e-fb086984896a,"[3, 5]",Sensemaking,False
userid_7d014c75-453b-4188-9e4e-fb086984896a,"[3, 6]",Sensemaking,False
userid_7d014c75-453b-4188-9e4e-fb086984896a,"[3, 7]",Sensemaking,NED
userid_7d014c75-453b-4188-9e4e-fb086984896a,"[3, 8]",Sensemaking,False
userid_7d014c75-453b-4188-9e4e-fb086984896a,"[3, 9]",Sensemaking,False
userid_7d014c75-453b-4188-9e4e-fb086984896a,"[3, 10]",Sensemaking,False
userid_7d014c75-453b-4188-9e4e-fb086984896a,"[4, 5]",Sensemaking,False
userid_7d014c75-453b-4188-9e4e-fb086984896a,"[4, 6]",Sensemaking,False
userid_7d014c75-453b-4188-9e4e-fb086984896a,"[4, 7]",Sensemaking,NED
userid_7d014c75-453b-4188-9e4e-fb086984896a,"[4, 8]",Sensemaking,False
userid_7d014c75-453b-4188-9e4e-fb086984896a,"[4, 9]",Sensemaking,False
userid_7d014c75-453b-4188-9e4e-fb086984896a,"[4, 10]",Sensemaking,False
userid_7d014c75-453b-4188-9e4e-fb086984896a,"[5, 6]",Sensemaking,False
userid_7d014c75-453b-4188-9e4e-fb086984896a,"[5, 7]",Sensemaking,NED
userid_7d014c75-453b-4188-9e4e-fb086984896a,"[5, 8]",Sensemaking,False
userid_7d014c75-453b-4188-9e4e-fb086984896a,"[5, 9]",Sensemaking,False
userid_7d014c75-453b-4188-9e4e-fb086984896a,"[5, 10]",Sensemaking,False
userid_7d014c75-453b-4188-9e4e-fb086984896a,"[6, 7]",Sensemaking,NED
userid_7d014c75-453b-4188-9e4e-fb086984896a,"[6, 8]",Sensemaking,False
userid_7d014c75-453b-4188-9e4e-fb086984896a,"[6, 9]",Sensemaking,False
userid_7d014c75-453b-4188-9e4e-fb086984896a,"[6, 10]",Sensemaking,False
userid_7d014c75-453b-4188-9e4e-fb086984896a,"[7, 8]",Sensemaking,NED
userid_7d014c75-453b-4188-9e4e-fb086984896a,"[7, 9]",Sensemaking,NED
userid_7d014c75-453b-4188-9e4e-fb086984896a,"[7, 10]",Sensemaking,NED
userid_7d014c75-453b-4188-9e4e-fb086984896a,"[8, 9]",Sensemaking,False
userid_7d014c75-453b-4188-9e4e-fb086984896a,"[8, 10]",Sensemaking,False
userid_7d014c75-453b-4188-9e4e-fb086984896a,"[9, 10]",Sensemaking,False
userid_7d014c75-453b-4188-9e4e-fb086984896a,"[0, 1]",Foraging,False
userid_7d014c75-453b-4188-9e4e-fb086984896a,"[0, 2]",Foraging,NED
userid_7d014c75-453b-4188-9e4e-fb086984896a,"[0, 3]",Foraging,False
userid_7d014c75-453b-4188-9e4e-fb086984896a,"[0, 4]",Foraging,True
userid_7d014c75-453b-4188-9e4e-fb086984896a,"[0, 5]",Foraging,NED
userid_7d014c75-453b-4188-9e4e-fb086984896a,"[0, 6]",Foraging,NED
userid_7d014c75-453b-4188-9e4e-fb086984896a,"[0, 7]",Foraging,NED
userid_7d014c75-453b-4188-9e4e-fb086984896a,"[0, 8]",Foraging,NED
userid_7d014c75-453b-4188-9e4e-fb086984896a,"[0, 9]",Foraging,False
userid_7d014c75-453b-4188-9e4e-fb086984896a,"[0, 10]",Foraging,True
userid_7d014c75-453b-4188-9e4e-fb086984896a,"[1, 2]",Foraging,NED
userid_7d014c75-453b-4188-9e4e-fb086984896a,"[1, 3]",Foraging,False
userid_7d014c75-453b-4188-9e4e-fb086984896a,"[1, 4]",Foraging,False
userid_7d014c75-453b-4188-9e4e-fb086984896a,"[1, 5]",Foraging,NED
userid_7d014c75-453b-4188-9e4e-fb086984896a,"[1, 6]",Foraging,NED
userid_7d014c75-453b-4188-9e4e-fb086984896a,"[1, 7]",Foraging,NED
userid_7d014c75-453b-4188-9e4e-fb086984896a,"[1, 8]",Foraging,NED
userid_7d014c75-453b-4188-9e4e-fb086984896a,"[1, 9]",Foraging,False
userid_7d014c75-453b-4188-9e4e-fb086984896a,"[1, 10]",Foraging,False
userid_7d014c75-453b-4188-9e4e-fb086984896a,"[2, 3]",Foraging,NED
userid_7d014c75-453b-4188-9e4e-fb086984896a,"[2, 4]",Foraging,NED
userid_7d014c75-453b-4188-9e4e-fb086984896a,"[2, 5]",Foraging,NED
userid_7d014c75-453b-4188-9e4e-fb086984896a,"[2, 6]",Foraging,NED
userid_7d014c75-453b-4188-9e4e-fb086984896a,"[2, 7]",Foraging,NED
userid_7d014c75-453b-4188-9e4e-fb086984896a,"[2, 8]",Foraging,NED
userid_7d014c75-453b-4188-9e4e-fb086984896a,"[2, 9]",Foraging,NED
userid_7d014c75-453b-4188-9e4e-fb086984896a,"[2, 10]",Foraging,NED
userid_7d014c75-453b-4188-9e4e-fb086984896a,"[3, 4]",Foraging,False
userid_7d014c75-453b-4188-9e4e-fb086984896a,"[3, 5]",Foraging,NED
userid_7d014c75-453b-4188-9e4e-fb086984896a,"[3, 6]",Foraging,NED
userid_7d014c75-453b-4188-9e4e-fb086984896a,"[3, 7]",Foraging,NED
userid_7d014c75-453b-4188-9e4e-fb086984896a,"[3, 8]",Foraging,NED
userid_7d014c75-453b-4188-9e4e-fb086984896a,"[3, 9]",Foraging,False
userid_7d014c75-453b-4188-9e4e-fb086984896a,"[3, 10]",Foraging,False
userid_7d014c75-453b-4188-9e4e-fb086984896a,"[4, 5]",Foraging,NED
userid_7d014c75-453b-4188-9e4e-fb086984896a,"[4, 6]",Foraging,NED
userid_7d014c75-453b-4188-9e4e-fb086984896a,"[4, 7]",Foraging,NED
userid_7d014c75-453b-4188-9e4e-fb086984896a,"[4, 8]",Foraging,NED
userid_7d014c75-453b-4188-9e4e-fb086984896a,"[4, 9]",Foraging,False
userid_7d014c75-453b-4188-9e4e-fb086984896a,"[4, 10]",Foraging,False
userid_7d014c75-453b-4188-9e4e-fb086984896a,"[5, 6]",Foraging,NED
userid_7d014c75-453b-4188-9e4e-fb086984896a,"[5, 7]",Foraging,NED
userid_7d014c75-453b-4188-9e4e-fb086984896a,"[5, 8]",Foraging,NED
userid_7d014c75-453b-4188-9e4e-fb086984896a,"[5, 9]",Foraging,NED
userid_7d014c75-453b-4188-9e4e-fb086984896a,"[5, 10]",Foraging,NED
userid_7d014c75-453b-4188-9e4e-fb086984896a,"[6, 7]",Foraging,NED
userid_7d014c75-453b-4188-9e4e-fb086984896a,"[6, 8]",Foraging,NED
userid_7d014c75-453b-4188-9e4e-fb086984896a,"[6, 9]",Foraging,NED
userid_7d014c75-453b-4188-9e4e-fb086984896a,"[6, 10]",Foraging,NED
userid_7d014c75-453b-4188-9e4e-fb086984896a,"[7, 8]",Foraging,NED
userid_7d014c75-453b-4188-9e4e-fb086984896a,"[7, 9]",Foraging,NED
userid_7d014c75-453b-4188-9e4e-fb086984896a,"[7, 10]",Foraging,NED
userid_7d014c75-453b-4188-9e4e-fb086984896a,"[8, 9]",Foraging,NED
userid_7d014c75-453b-4188-9e4e-fb086984896a,"[8, 10]",Foraging,NED
userid_7d014c75-453b-4188-9e4e-fb086984896a,"[9, 10]",Foraging,False
userid_7d014c75-453b-4188-9e4e-fb086984896a,"[0, 1]",Navigation,False
userid_7d014c75-453b-4188-9e4e-fb086984896a,"[0, 2]",Navigation,False
userid_7d014c75-453b-4188-9e4e-fb086984896a,"[0, 3]",Navigation,False
userid_7d014c75-453b-4188-9e4e-fb086984896a,"[0, 4]",Navigation,False
userid_7d014c75-453b-4188-9e4e-fb086984896a,"[0, 5]",Navigation,False
userid_7d014c75-453b-4188-9e4e-fb086984896a,"[0, 6]",Navigation,False
userid_7d014c75-453b-4188-9e4e-fb086984896a,"[0, 7]",Navigation,False
userid_7d014c75-453b-4188-9e4e-fb086984896a,"[0, 8]",Navigation,True
userid_7d014c75-453b-4188-9e4e-fb086984896a,"[0, 9]",Navigation,False
userid_7d014c75-453b-4188-9e4e-fb086984896a,"[0, 10]",Navigation,False
userid_7d014c75-453b-4188-9e4e-fb086984896a,"[1, 2]",Navigation,False
userid_7d014c75-453b-4188-9e4e-fb086984896a,"[1, 3]",Navigation,False
userid_7d014c75-453b-4188-9e4e-fb086984896a,"[1, 4]",Navigation,False
userid_7d014c75-453b-4188-9e4e-fb086984896a,"[1, 5]",Navigation,False
userid_7d014c75-453b-4188-9e4e-fb086984896a,"[1, 6]",Navigation,True
userid_7d014c75-453b-4188-9e4e-fb086984896a,"[1, 7]",Navigation,False
userid_7d014c75-453b-4188-9e4e-fb086984896a,"[1, 8]",Navigation,True
userid_7d014c75-453b-4188-9e4e-fb086984896a,"[1, 9]",Navigation,False
userid_7d014c75-453b-4188-9e4e-fb086984896a,"[1, 10]",Navigation,False
userid_7d014c75-453b-4188-9e4e-fb086984896a,"[2, 3]",Navigation,False
userid_7d014c75-453b-4188-9e4e-fb086984896a,"[2, 4]",Navigation,False
userid_7d014c75-453b-4188-9e4e-fb086984896a,"[2, 5]",Navigation,False
userid_7d014c75-453b-4188-9e4e-fb086984896a,"[2, 6]",Navigation,False
userid_7d014c75-453b-4188-9e4e-fb086984896a,"[2, 7]",Navigation,False
userid_7d014c75-453b-4188-9e4e-fb086984896a,"[2, 8]",Navigation,False
userid_7d014c75-453b-4188-9e4e-fb086984896a,"[2, 9]",Navigation,False
userid_7d014c75-453b-4188-9e4e-fb086984896a,"[2, 10]",Navigation,False
userid_7d014c75-453b-4188-9e4e-fb086984896a,"[3, 4]",Navigation,False
userid_7d014c75-453b-4188-9e4e-fb086984896a,"[3, 5]",Navigation,False
userid_7d014c75-453b-4188-9e4e-fb086984896a,"[3, 6]",Navigation,False
userid_7d014c75-453b-4188-9e4e-fb086984896a,"[3, 7]",Navigation,False
userid_7d014c75-453b-4188-9e4e-fb086984896a,"[3, 8]",Navigation,False
userid_7d014c75-453b-4188-9e4e-fb086984896a,"[3, 9]",Navigation,False
userid_7d014c75-453b-4188-9e4e-fb086984896a,"[3, 10]",Navigation,False
userid_7d014c75-453b-4188-9e4e-fb086984896a,"[4, 5]",Navigation,False
userid_7d014c75-453b-4188-9e4e-fb086984896a,"[4, 6]",Navigation,False
userid_7d014c75-453b-4188-9e4e-fb086984896a,"[4, 7]",Navigation,False
userid_7d014c75-453b-4188-9e4e-fb086984896a,"[4, 8]",Navigation,False
userid_7d014c75-453b-4188-9e4e-fb086984896a,"[4, 9]",Navigation,False
userid_7d014c75-453b-4188-9e4e-fb086984896a,"[4, 10]",Navigation,False
userid_7d014c75-453b-4188-9e4e-fb086984896a,"[5, 6]",Navigation,False
userid_7d014c75-453b-4188-9e4e-fb086984896a,"[5, 7]",Navigation,False
userid_7d014c75-453b-4188-9e4e-fb086984896a,"[5, 8]",Navigation,False
userid_7d014c75-453b-4188-9e4e-fb086984896a,"[5, 9]",Navigation,False
userid_7d014c75-453b-4188-9e4e-fb086984896a,"[5, 10]",Navigation,False
userid_7d014c75-453b-4188-9e4e-fb086984896a,"[6, 7]",Navigation,False
userid_7d014c75-453b-4188-9e4e-fb086984896a,"[6, 8]",Navigation,False
userid_7d014c75-453b-4188-9e4e-fb086984896a,"[6, 9]",Navigation,False
userid_7d014c75-453b-4188-9e4e-fb086984896a,"[6, 10]",Navigation,False
userid_7d014c75-453b-4188-9e4e-fb086984896a,"[7, 8]",Navigation,False
userid_7d014c75-453b-4188-9e4e-fb086984896a,"[7, 9]",Navigation,False
userid_7d014c75-453b-4188-9e4e-fb086984896a,"[7, 10]",Navigation,False
userid_7d014c75-453b-4188-9e4e-fb086984896a,"[8, 9]",Navigation,False
userid_7d014c75-453b-4188-9e4e-fb086984896a,"[8, 10]",Navigation,True
userid_7d014c75-453b-4188-9e4e-fb086984896a,"[9, 10]",Navigation,False
userid_82316e37-1117-4663-84b4-ddb6455c83b2,"[0, 1]",Sensemaking,NED
userid_82316e37-1117-4663-84b4-ddb6455c83b2,"[0, 2]",Sensemaking,NED
userid_82316e37-1117-4663-84b4-ddb6455c83b2,"[0, 3]",Sensemaking,NED
userid_82316e37-1117-4663-84b4-ddb6455c83b2,"[1, 2]",Sensemaking,False
userid_82316e37-1117-4663-84b4-ddb6455c83b2,"[1, 3]",Sensemaking,NED
userid_82316e37-1117-4663-84b4-ddb6455c83b2,"[2, 3]",Sensemaking,NED
userid_82316e37-1117-4663-84b4-ddb6455c83b2,"[0, 1]",Foraging,NED
userid_82316e37-1117-4663-84b4-ddb6455c83b2,"[0, 2]",Foraging,NED
userid_82316e37-1117-4663-84b4-ddb6455c83b2,"[0, 3]",Foraging,NED
userid_82316e37-1117-4663-84b4-ddb6455c83b2,"[1, 2]",Foraging,NED
userid_82316e37-1117-4663-84b4-ddb6455c83b2,"[1, 3]",Foraging,NED
userid_82316e37-1117-4663-84b4-ddb6455c83b2,"[2, 3]",Foraging,NED
userid_82316e37-1117-4663-84b4-ddb6455c83b2,"[0, 1]",Navigation,True
userid_82316e37-1117-4663-84b4-ddb6455c83b2,"[0, 2]",Navigation,True
userid_82316e37-1117-4663-84b4-ddb6455c83b2,"[0, 3]",Navigation,False
userid_82316e37-1117-4663-84b4-ddb6455c83b2,"[1, 2]",Navigation,False
userid_82316e37-1117-4663-84b4-ddb6455c83b2,"[1, 3]",Navigation,False
userid_82316e37-1117-4663-84b4-ddb6455c83b2,"[2, 3]",Navigation,False
userid_8b544d24-3274-4bb0-9719-fd2bccc87b02,"[0, 1]",Sensemaking,NED
userid_8b544d24-3274-4bb0-9719-fd2bccc87b02,"[0, 2]",Sensemaking,NED
userid_8b544d24-3274-4bb0-9719-fd2bccc87b02,"[0, 3]",Sensemaking,NED
userid_8b544d24-3274-4bb0-9719-fd2bccc87b02,"[0, 4]",Sensemaking,NED
userid_8b544d24-3274-4bb0-9719-fd2bccc87b02,"[1, 2]",Sensemaking,NED
userid_8b544d24-3274-4bb0-9719-fd2bccc87b02,"[1, 3]",Sensemaking,NED
userid_8b544d24-3274-4bb0-9719-fd2bccc87b02,"[1, 4]",Sensemaking,NED
userid_8b544d24-3274-4bb0-9719-fd2bccc87b02,"[2, 3]",Sensemaking,NED
userid_8b544d24-3274-4bb0-9719-fd2bccc87b02,"[2, 4]",Sensemaking,NED
userid_8b544d24-3274-4bb0-9719-fd2bccc87b02,"[3, 4]",Sensemaking,NED
userid_8b544d24-3274-4bb0-9719-fd2bccc87b02,"[0, 1]",Foraging,NED
userid_8b544d24-3274-4bb0-9719-fd2bccc87b02,"[0, 2]",Foraging,False
userid_8b544d24-3274-4bb0-9719-fd2bccc87b02,"[0, 3]",Foraging,NED
userid_8b544d24-3274-4bb0-9719-fd2bccc87b02,"[0, 4]",Foraging,NED
userid_8b544d24-3274-4bb0-9719-fd2bccc87b02,"[1, 2]",Foraging,NED
userid_8b544d24-3274-4bb0-9719-fd2bccc87b02,"[1, 3]",Foraging,NED
userid_8b544d24-3274-4bb0-9719-fd2bccc87b02,"[1, 4]",Foraging,NED
userid_8b544d24-3274-4bb0-9719-fd2bccc87b02,"[2, 3]",Foraging,NED
userid_8b544d24-3274-4bb0-9719-fd2bccc87b02,"[2, 4]",Foraging,NED
userid_8b544d24-3274-4bb0-9719-fd2bccc87b02,"[3, 4]",Foraging,NED
userid_8b544d24-3274-4bb0-9719-fd2bccc87b02,"[0, 1]",Navigation,NED
userid_8b544d24-3274-4bb0-9719-fd2bccc87b02,"[0, 2]",Navigation,True
userid_8b544d24-3274-4bb0-9719-fd2bccc87b02,"[0, 3]",Navigation,False
userid_8b544d24-3274-4bb0-9719-fd2bccc87b02,"[0, 4]",Navigation,False
userid_8b544d24-3274-4bb0-9719-fd2bccc87b02,"[1, 2]",Navigation,NED
userid_8b544d24-3274-4bb0-9719-fd2bccc87b02,"[1, 3]",Navigation,NED
userid_8b544d24-3274-4bb0-9719-fd2bccc87b02,"[1, 4]",Navigation,NED
userid_8b544d24-3274-4bb0-9719-fd2bccc87b02,"[2, 3]",Navigation,False
userid_8b544d24-3274-4bb0-9719-fd2bccc87b02,"[2, 4]",Navigation,False
userid_8b544d24-3274-4bb0-9719-fd2bccc87b02,"[3, 4]",Navigation,False
userid_8bf5b71b-dfd4-403f-8791-06427b26ccaf,"[0, 1]",Sensemaking,False
userid_8bf5b71b-dfd4-403f-8791-06427b26ccaf,"[0, 2]",Sensemaking,NED
userid_8bf5b71b-dfd4-403f-8791-06427b26ccaf,"[0, 3]",Sensemaking,NED
userid_8bf5b71b-dfd4-403f-8791-06427b26ccaf,"[0, 4]",Sensemaking,NED
userid_8bf5b71b-dfd4-403f-8791-06427b26ccaf,"[0, 5]",Sensemaking,NED
userid_8bf5b71b-dfd4-403f-8791-06427b26ccaf,"[0, 6]",Sensemaking,NED
userid_8bf5b71b-dfd4-403f-8791-06427b26ccaf,"[1, 2]",Sensemaking,NED
userid_8bf5b71b-dfd4-403f-8791-06427b26ccaf,"[1, 3]",Sensemaking,NED
userid_8bf5b71b-dfd4-403f-8791-06427b26ccaf,"[1, 4]",Sensemaking,NED
userid_8bf5b71b-dfd4-403f-8791-06427b26ccaf,"[1, 5]",Sensemaking,NED
userid_8bf5b71b-dfd4-403f-8791-06427b26ccaf,"[1, 6]",Sensemaking,NED
userid_8bf5b71b-dfd4-403f-8791-06427b26ccaf,"[2, 3]",Sensemaking,NED
userid_8bf5b71b-dfd4-403f-8791-06427b26ccaf,"[2, 4]",Sensemaking,NED
userid_8bf5b71b-dfd4-403f-8791-06427b26ccaf,"[2, 5]",Sensemaking,NED
userid_8bf5b71b-dfd4-403f-8791-06427b26ccaf,"[2, 6]",Sensemaking,NED
userid_8bf5b71b-dfd4-403f-8791-06427b26ccaf,"[3, 4]",Sensemaking,NED
userid_8bf5b71b-dfd4-403f-8791-06427b26ccaf,"[3, 5]",Sensemaking,NED
userid_8bf5b71b-dfd4-403f-8791-06427b26ccaf,"[3, 6]",Sensemaking,NED
userid_8bf5b71b-dfd4-403f-8791-06427b26ccaf,"[4, 5]",Sensemaking,NED
userid_8bf5b71b-dfd4-403f-8791-06427b26ccaf,"[4, 6]",Sensemaking,NED
userid_8bf5b71b-dfd4-403f-8791-06427b26ccaf,"[5, 6]",Sensemaking,NED
userid_8bf5b71b-dfd4-403f-8791-06427b26ccaf,"[0, 1]",Foraging,NED
userid_8bf5b71b-dfd4-403f-8791-06427b26ccaf,"[0, 2]",Foraging,NED
userid_8bf5b71b-dfd4-403f-8791-06427b26ccaf,"[0, 3]",Foraging,False
userid_8bf5b71b-dfd4-403f-8791-06427b26ccaf,"[0, 4]",Foraging,False
userid_8bf5b71b-dfd4-403f-8791-06427b26ccaf,"[0, 5]",Foraging,False
userid_8bf5b71b-dfd4-403f-8791-06427b26ccaf,"[0, 6]",Foraging,NED
userid_8bf5b71b-dfd4-403f-8791-06427b26ccaf,"[1, 2]",Foraging,NED
userid_8bf5b71b-dfd4-403f-8791-06427b26ccaf,"[1, 3]",Foraging,NED
userid_8bf5b71b-dfd4-403f-8791-06427b26ccaf,"[1, 4]",Foraging,NED
userid_8bf5b71b-dfd4-403f-8791-06427b26ccaf,"[1, 5]",Foraging,NED
userid_8bf5b71b-dfd4-403f-8791-06427b26ccaf,"[1, 6]",Foraging,NED
userid_8bf5b71b-dfd4-403f-8791-06427b26ccaf,"[2, 3]",Foraging,NED
userid_8bf5b71b-dfd4-403f-8791-06427b26ccaf,"[2, 4]",Foraging,NED
userid_8bf5b71b-dfd4-403f-8791-06427b26ccaf,"[2, 5]",Foraging,NED
userid_8bf5b71b-dfd4-403f-8791-06427b26ccaf,"[2, 6]",Foraging,NED
userid_8bf5b71b-dfd4-403f-8791-06427b26ccaf,"[3, 4]",Foraging,True
userid_8bf5b71b-dfd4-403f-8791-06427b26ccaf,"[3, 5]",Foraging,True
userid_8bf5b71b-dfd4-403f-8791-06427b26ccaf,"[3, 6]",Foraging,NED
userid_8bf5b71b-dfd4-403f-8791-06427b26ccaf,"[4, 5]",Foraging,False
userid_8bf5b71b-dfd4-403f-8791-06427b26ccaf,"[4, 6]",Foraging,NED
userid_8bf5b71b-dfd4-403f-8791-06427b26ccaf,"[5, 6]",Foraging,NED
userid_8bf5b71b-dfd4-403f-8791-06427b26ccaf,"[0, 1]",Navigation,False
userid_8bf5b71b-dfd4-403f-8791-06427b26ccaf,"[0, 2]",Navigation,False
userid_8bf5b71b-dfd4-403f-8791-06427b26ccaf,"[0, 3]",Navigation,True
userid_8bf5b71b-dfd4-403f-8791-06427b26ccaf,"[0, 4]",Navigation,False
userid_8bf5b71b-dfd4-403f-8791-06427b26ccaf,"[0, 5]",Navigation,False
userid_8bf5b71b-dfd4-403f-8791-06427b26ccaf,"[0, 6]",Navigation,False
userid_8bf5b71b-dfd4-403f-8791-06427b26ccaf,"[1, 2]",Navigation,False
userid_8bf5b71b-dfd4-403f-8791-06427b26ccaf,"[1, 3]",Navigation,False
userid_8bf5b71b-dfd4-403f-8791-06427b26ccaf,"[1, 4]",Navigation,False
userid_8bf5b71b-dfd4-403f-8791-06427b26ccaf,"[1, 5]",Navigation,False
userid_8bf5b71b-dfd4-403f-8791-06427b26ccaf,"[1, 6]",Navigation,False
userid_8bf5b71b-dfd4-403f-8791-06427b26ccaf,"[2, 3]",Navigation,False
userid_8bf5b71b-dfd4-403f-8791-06427b26ccaf,"[2, 4]",Navigation,False
userid_8bf5b71b-dfd4-403f-8791-06427b26ccaf,"[2, 5]",Navigation,False
userid_8bf5b71b-dfd4-403f-8791-06427b26ccaf,"[2, 6]",Navigation,False
userid_8bf5b71b-dfd4-403f-8791-06427b26ccaf,"[3, 4]",Navigation,False
userid_8bf5b71b-dfd4-403f-8791-06427b26ccaf,"[3, 5]",Navigation,True
userid_8bf5b71b-dfd4-403f-8791-06427b26ccaf,"[3, 6]",Navigation,True
userid_8bf5b71b-dfd4-403f-8791-06427b26ccaf,"[4, 5]",Navigation,False
userid_8bf5b71b-dfd4-403f-8791-06427b26ccaf,"[4, 6]",Navigation,False
userid_8bf5b71b-dfd4-403f-8791-06427b26ccaf,"[5, 6]",Navigation,False
userid_93be0a02-3f7a-46c9-b526-aa956ed00856,"[0, 1]",Sensemaking,False
userid_93be0a02-3f7a-46c9-b526-aa956ed00856,"[0, 2]",Sensemaking,False
userid_93be0a02-3f7a-46c9-b526-aa956ed00856,"[0, 3]",Sensemaking,False
userid_93be0a02-3f7a-46c9-b526-aa956ed00856,"[0, 4]",Sensemaking,False
userid_93be0a02-3f7a-46c9-b526-aa956ed00856,"[0, 5]",Sensemaking,NED
userid_93be0a02-3f7a-46c9-b526-aa956ed00856,"[1, 2]",Sensemaking,False
userid_93be0a02-3f7a-46c9-b526-aa956ed00856,"[1, 3]",Sensemaking,False
userid_93be0a02-3f7a-46c9-b526-aa956ed00856,"[1, 4]",Sensemaking,False
userid_93be0a02-3f7a-46c9-b526-aa956ed00856,"[1, 5]",Sensemaking,NED
userid_93be0a02-3f7a-46c9-b526-aa956ed00856,"[2, 3]",Sensemaking,False
userid_93be0a02-3f7a-46c9-b526-aa956ed00856,"[2, 4]",Sensemaking,False
userid_93be0a02-3f7a-46c9-b526-aa956ed00856,"[2, 5]",Sensemaking,NED
userid_93be0a02-3f7a-46c9-b526-aa956ed00856,"[3, 4]",Sensemaking,False
userid_93be0a02-3f7a-46c9-b526-aa956ed00856,"[3, 5]",Sensemaking,NED
userid_93be0a02-3f7a-46c9-b526-aa956ed00856,"[4, 5]",Sensemaking,NED
userid_93be0a02-3f7a-46c9-b526-aa956ed00856,"[0, 1]",Foraging,NED
userid_93be0a02-3f7a-46c9-b526-aa956ed00856,"[0, 2]",Foraging,NED
userid_93be0a02-3f7a-46c9-b526-aa956ed00856,"[0, 3]",Foraging,NED
userid_93be0a02-3f7a-46c9-b526-aa956ed00856,"[0, 4]",Foraging,NED
userid_93be0a02-3f7a-46c9-b526-aa956ed00856,"[0, 5]",Foraging,NED
userid_93be0a02-3f7a-46c9-b526-aa956ed00856,"[1, 2]",Foraging,True
userid_93be0a02-3f7a-46c9-b526-aa956ed00856,"[1, 3]",Foraging,NED
userid_93be0a02-3f7a-46c9-b526-aa956ed00856,"[1, 4]",Foraging,False
userid_93be0a02-3f7a-46c9-b526-aa956ed00856,"[1, 5]",Foraging,NED
userid_93be0a02-3f7a-46c9-b526-aa956ed00856,"[2, 3]",Foraging,NED
userid_93be0a02-3f7a-46c9-b526-aa956ed00856,"[2, 4]",Foraging,True
userid_93be0a02-3f7a-46c9-b526-aa956ed00856,"[2, 5]",Foraging,NED
userid_93be0a02-3f7a-46c9-b526-aa956ed00856,"[3, 4]",Foraging,NED
userid_93be0a02-3f7a-46c9-b526-aa956ed00856,"[3, 5]",Foraging,NED
userid_93be0a02-3f7a-46c9-b526-aa956ed00856,"[4, 5]",Foraging,NED
userid_93be0a02-3f7a-46c9-b526-aa956ed00856,"[0, 1]",Navigation,True
userid_93be0a02-3f7a-46c9-b526-aa956ed00856,"[0, 2]",Navigation,True
userid_93be0a02-3f7a-46c9-b526-aa956ed00856,"[0, 3]",Navigation,True
userid_93be0a02-3f7a-46c9-b526-aa956ed00856,"[0, 4]",Navigation,True
userid_93be0a02-3f7a-46c9-b526-aa956ed00856,"[0, 5]",Navigation,True
userid_93be0a02-3f7a-46c9-b526-aa956ed00856,"[1, 2]",Navigation,False
userid_93be0a02-3f7a-46c9-b526-aa956ed00856,"[1, 3]",Navigation,False
userid_93be0a02-3f7a-46c9-b526-aa956ed00856,"[1, 4]",Navigation,False
userid_93be0a02-3f7a-46c9-b526-aa956ed00856,"[1, 5]",Navigation,False
userid_93be0a02-3f7a-46c9-b526-aa956ed00856,"[2, 3]",Navigation,False
userid_93be0a02-3f7a-46c9-b526-aa956ed00856,"[2, 4]",Navigation,False
userid_93be0a02-3f7a-46c9-b526-aa956ed00856,"[2, 5]",Navigation,False
userid_93be0a02-3f7a-46c9-b526-aa956ed00856,"[3, 4]",Navigation,False
userid_93be0a02-3f7a-46c9-b526-aa956ed00856,"[3, 5]",Navigation,False
userid_93be0a02-3f7a-46c9-b526-aa956ed00856,"[4, 5]",Navigation,False
userid_954edb7c-4eae-47ab-9338-5c5c7eccac2d,"[0, 1]",Sensemaking,NED
userid_954edb7c-4eae-47ab-9338-5c5c7eccac2d,"[0, 2]",Sensemaking,NED
userid_954edb7c-4eae-47ab-9338-5c5c7eccac2d,"[0, 3]",Sensemaking,NED
userid_954edb7c-4eae-47ab-9338-5c5c7eccac2d,"[0, 4]",Sensemaking,NED
userid_954edb7c-4eae-47ab-9338-5c5c7eccac2d,"[1, 2]",Sensemaking,NED
userid_954edb7c-4eae-47ab-9338-5c5c7eccac2d,"[1, 3]",Sensemaking,NED
userid_954edb7c-4eae-47ab-9338-5c5c7eccac2d,"[1, 4]",Sensemaking,NED
userid_954edb7c-4eae-47ab-9338-5c5c7eccac2d,"[2, 3]",Sensemaking,NED
userid_954edb7c-4eae-47ab-9338-5c5c7eccac2d,"[2, 4]",Sensemaking,NED
userid_954edb7c-4eae-47ab-9338-5c5c7eccac2d,"[3, 4]",Sensemaking,NED
userid_954edb7c-4eae-47ab-9338-5c5c7eccac2d,"[0, 1]",Foraging,NED
userid_954edb7c-4eae-47ab-9338-5c5c7eccac2d,"[0, 2]",Foraging,NED
userid_954edb7c-4eae-47ab-9338-5c5c7eccac2d,"[0, 3]",Foraging,NED
userid_954edb7c-4eae-47ab-9338-5c5c7eccac2d,"[0, 4]",Foraging,NED
userid_954edb7c-4eae-47ab-9338-5c5c7eccac2d,"[1, 2]",Foraging,NED
userid_954edb7c-4eae-47ab-9338-5c5c7eccac2d,"[1, 3]",Foraging,NED
userid_954edb7c-4eae-47ab-9338-5c5c7eccac2d,"[1, 4]",Foraging,NED
userid_954edb7c-4eae-47ab-9338-5c5c7eccac2d,"[2, 3]",Foraging,NED
userid_954edb7c-4eae-47ab-9338-5c5c7eccac2d,"[2, 4]",Foraging,NED
userid_954edb7c-4eae-47ab-9338-5c5c7eccac2d,"[3, 4]",Foraging,NED
userid_954edb7c-4eae-47ab-9338-5c5c7eccac2d,"[0, 1]",Navigation,False
userid_954edb7c-4eae-47ab-9338-5c5c7eccac2d,"[0, 2]",Navigation,False
userid_954edb7c-4eae-47ab-9338-5c5c7eccac2d,"[0, 3]",Navigation,False
userid_954edb7c-4eae-47ab-9338-5c5c7eccac2d,"[0, 4]",Navigation,False
userid_954edb7c-4eae-47ab-9338-5c5c7eccac2d,"[1, 2]",Navigation,False
userid_954edb7c-4eae-47ab-9338-5c5c7eccac2d,"[1, 3]",Navigation,False
userid_954edb7c-4eae-47ab-9338-5c5c7eccac2d,"[1, 4]",Navigation,False
userid_954edb7c-4eae-47ab-9338-5c5c7eccac2d,"[2, 3]",Navigation,False
userid_954edb7c-4eae-47ab-9338-5c5c7eccac2d,"[2, 4]",Navigation,False
userid_954edb7c-4eae-47ab-9338-5c5c7eccac2d,"[3, 4]",Navigation,False
userid_a6aab5f5-fdb6-41df-9fc6-221d70f8c6e8,"[0, 1]",Sensemaking,NED
userid_a6aab5f5-fdb6-41df-9fc6-221d70f8c6e8,"[0, 2]",Sensemaking,NED
userid_a6aab5f5-fdb6-41df-9fc6-221d70f8c6e8,"[0, 3]",Sensemaking,NED
userid_a6aab5f5-fdb6-41df-9fc6-221d70f8c6e8,"[0, 4]",Sensemaking,NED
userid_a6aab5f5-fdb6-41df-9fc6-221d70f8c6e8,"[1, 2]",Sensemaking,NED
userid_a6aab5f5-fdb6-41df-9fc6-221d70f8c6e8,"[1, 3]",Sensemaking,NED
userid_a6aab5f5-fdb6-41df-9fc6-221d70f8c6e8,"[1, 4]",Sensemaking,NED
userid_a6aab5f5-fdb6-41df-9fc6-221d70f8c6e8,"[2, 3]",Sensemaking,NED
userid_a6aab5f5-fdb6-41df-9fc6-221d70f8c6e8,"[2, 4]",Sensemaking,NED
userid_a6aab5f5-fdb6-41df-9fc6-221d70f8c6e8,"[3, 4]",Sensemaking,False
userid_a6aab5f5-fdb6-41df-9fc6-221d70f8c6e8,"[0, 1]",Foraging,NED
userid_a6aab5f5-fdb6-41df-9fc6-221d70f8c6e8,"[0, 2]",Foraging,NED
userid_a6aab5f5-fdb6-41df-9fc6-221d70f8c6e8,"[0, 3]",Foraging,NED
userid_a6aab5f5-fdb6-41df-9fc6-221d70f8c6e8,"[0, 4]",Foraging,NED
userid_a6aab5f5-fdb6-41df-9fc6-221d70f8c6e8,"[1, 2]",Foraging,NED
userid_a6aab5f5-fdb6-41df-9fc6-221d70f8c6e8,"[1, 3]",Foraging,NED
userid_a6aab5f5-fdb6-41df-9fc6-221d70f8c6e8,"[1, 4]",Foraging,NED
userid_a6aab5f5-fdb6-41df-9fc6-221d70f8c6e8,"[2, 3]",Foraging,NED
userid_a6aab5f5-fdb6-41df-9fc6-221d70f8c6e8,"[2, 4]",Foraging,NED
userid_a6aab5f5-fdb6-41df-9fc6-221d70f8c6e8,"[3, 4]",Foraging,NED
userid_a6aab5f5-fdb6-41df-9fc6-221d70f8c6e8,"[0, 1]",Navigation,False
userid_a6aab5f5-fdb6-41df-9fc6-221d70f8c6e8,"[0, 2]",Navigation,False
userid_a6aab5f5-fdb6-41df-9fc6-221d70f8c6e8,"[0, 3]",Navigation,False
userid_a6aab5f5-fdb6-41df-9fc6-221d70f8c6e8,"[0, 4]",Navigation,False
userid_a6aab5f5-fdb6-41df-9fc6-221d70f8c6e8,"[1, 2]",Navigation,True
userid_a6aab5f5-fdb6-41df-9fc6-221d70f8c6e8,"[1, 3]",Navigation,False
userid_a6aab5f5-fdb6-41df-9fc6-221d70f8c6e8,"[1, 4]",Navigation,False
userid_a6aab5f5-fdb6-41df-9fc6-221d70f8c6e8,"[2, 3]",Navigation,False
userid_a6aab5f5-fdb6-41df-9fc6-221d70f8c6e8,"[2, 4]",Navigation,False
userid_a6aab5f5-fdb6-41df-9fc6-221d70f8c6e8,"[3, 4]",Navigation,False
userid_ac5b65d7-f260-4534-9fae-d998b726ed32,"[0, 1]",Sensemaking,NED
userid_ac5b65d7-f260-4534-9fae-d998b726ed32,"[0, 2]",Sensemaking,NED
userid_ac5b65d7-f260-4534-9fae-d998b726ed32,"[0, 3]",Sensemaking,NED
userid_ac5b65d7-f260-4534-9fae-d998b726ed32,"[0, 4]",Sensemaking,NED
userid_ac5b65d7-f260-4534-9fae-d998b726ed32,"[0, 5]",Sensemaking,NED
userid_ac5b65d7-f260-4534-9fae-d998b726ed32,"[0, 6]",Sensemaking,False
userid_ac5b65d7-f260-4534-9fae-d998b726ed32,"[0, 7]",Sensemaking,NED
userid_ac5b65d7-f260-4534-9fae-d998b726ed32,"[0, 8]",Sensemaking,False
userid_ac5b65d7-f260-4534-9fae-d998b726ed32,"[1, 2]",Sensemaking,NED
userid_ac5b65d7-f260-4534-9fae-d998b726ed32,"[1, 3]",Sensemaking,NED
userid_ac5b65d7-f260-4534-9fae-d998b726ed32,"[1, 4]",Sensemaking,NED
userid_ac5b65d7-f260-4534-9fae-d998b726ed32,"[1, 5]",Sensemaking,NED
userid_ac5b65d7-f260-4534-9fae-d998b726ed32,"[1, 6]",Sensemaking,NED
userid_ac5b65d7-f260-4534-9fae-d998b726ed32,"[1, 7]",Sensemaking,NED
userid_ac5b65d7-f260-4534-9fae-d998b726ed32,"[1, 8]",Sensemaking,NED
userid_ac5b65d7-f260-4534-9fae-d998b726ed32,"[2, 3]",Sensemaking,NED
userid_ac5b65d7-f260-4534-9fae-d998b726ed32,"[2, 4]",Sensemaking,NED
userid_ac5b65d7-f260-4534-9fae-d998b726ed32,"[2, 5]",Sensemaking,NED
userid_ac5b65d7-f260-4534-9fae-d998b726ed32,"[2, 6]",Sensemaking,NED
userid_ac5b65d7-f260-4534-9fae-d998b726ed32,"[2, 7]",Sensemaking,NED
userid_ac5b65d7-f260-4534-9fae-d998b726ed32,"[2, 8]",Sensemaking,NED
userid_ac5b65d7-f260-4534-9fae-d998b726ed32,"[3, 4]",Sensemaking,NED
userid_ac5b65d7-f260-4534-9fae-d998b726ed32,"[3, 5]",Sensemaking,NED
userid_ac5b65d7-f260-4534-9fae-d998b726ed32,"[3, 6]",Sensemaking,NED
userid_ac5b65d7-f260-4534-9fae-d998b726ed32,"[3, 7]",Sensemaking,NED
userid_ac5b65d7-f260-4534-9fae-d998b726ed32,"[3, 8]",Sensemaking,NED
userid_ac5b65d7-f260-4534-9fae-d998b726ed32,"[4, 5]",Sensemaking,NED
userid_ac5b65d7-f260-4534-9fae-d998b726ed32,"[4, 6]",Sensemaking,NED
userid_ac5b65d7-f260-4534-9fae-d998b726ed32,"[4, 7]",Sensemaking,NED
userid_ac5b65d7-f260-4534-9fae-d998b726ed32,"[4, 8]",Sensemaking,NED
userid_ac5b65d7-f260-4534-9fae-d998b726ed32,"[5, 6]",Sensemaking,NED
userid_ac5b65d7-f260-4534-9fae-d998b726ed32,"[5, 7]",Sensemaking,NED
userid_ac5b65d7-f260-4534-9fae-d998b726ed32,"[5, 8]",Sensemaking,NED
userid_ac5b65d7-f260-4534-9fae-d998b726ed32,"[6, 7]",Sensemaking,NED
userid_ac5b65d7-f260-4534-9fae-d998b726ed32,"[6, 8]",Sensemaking,False
userid_ac5b65d7-f260-4534-9fae-d998b726ed32,"[7, 8]",Sensemaking,NED
userid_ac5b65d7-f260-4534-9fae-d998b726ed32,"[0, 1]",Foraging,NED
userid_ac5b65d7-f260-4534-9fae-d998b726ed32,"[0, 2]",Foraging,NED
userid_ac5b65d7-f260-4534-9fae-d998b726ed32,"[0, 3]",Foraging,NED
userid_ac5b65d7-f260-4534-9fae-d998b726ed32,"[0, 4]",Foraging,NED
userid_ac5b65d7-f260-4534-9fae-d998b726ed32,"[0, 5]",Foraging,NED
userid_ac5b65d7-f260-4534-9fae-d998b726ed32,"[0, 6]",Foraging,NED
userid_ac5b65d7-f260-4534-9fae-d998b726ed32,"[0, 7]",Foraging,NED
userid_ac5b65d7-f260-4534-9fae-d998b726ed32,"[0, 8]",Foraging,NED
userid_ac5b65d7-f260-4534-9fae-d998b726ed32,"[1, 2]",Foraging,False
userid_ac5b65d7-f260-4534-9fae-d998b726ed32,"[1, 3]",Foraging,NED
userid_ac5b65d7-f260-4534-9fae-d998b726ed32,"[1, 4]",Foraging,NED
userid_ac5b65d7-f260-4534-9fae-d998b726ed32,"[1, 5]",Foraging,NED
userid_ac5b65d7-f260-4534-9fae-d998b726ed32,"[1, 6]",Foraging,False
userid_ac5b65d7-f260-4534-9fae-d998b726ed32,"[1, 7]",Foraging,False
userid_ac5b65d7-f260-4534-9fae-d998b726ed32,"[1, 8]",Foraging,False
userid_ac5b65d7-f260-4534-9fae-d998b726ed32,"[2, 3]",Foraging,NED
userid_ac5b65d7-f260-4534-9fae-d998b726ed32,"[2, 4]",Foraging,NED
userid_ac5b65d7-f260-4534-9fae-d998b726ed32,"[2, 5]",Foraging,NED
userid_ac5b65d7-f260-4534-9fae-d998b726ed32,"[2, 6]",Foraging,False
userid_ac5b65d7-f260-4534-9fae-d998b726ed32,"[2, 7]",Foraging,False
userid_ac5b65d7-f260-4534-9fae-d998b726ed32,"[2, 8]",Foraging,False
userid_ac5b65d7-f260-4534-9fae-d998b726ed32,"[3, 4]",Foraging,NED
userid_ac5b65d7-f260-4534-9fae-d998b726ed32,"[3, 5]",Foraging,NED
userid_ac5b65d7-f260-4534-9fae-d998b726ed32,"[3, 6]",Foraging,NED
userid_ac5b65d7-f260-4534-9fae-d998b726ed32,"[3, 7]",Foraging,NED
userid_ac5b65d7-f260-4534-9fae-d998b726ed32,"[3, 8]",Foraging,NED
userid_ac5b65d7-f260-4534-9fae-d998b726ed32,"[4, 5]",Foraging,NED
userid_ac5b65d7-f260-4534-9fae-d998b726ed32,"[4, 6]",Foraging,NED
userid_ac5b65d7-f260-4534-9fae-d998b726ed32,"[4, 7]",Foraging,NED
userid_ac5b65d7-f260-4534-9fae-d998b726ed32,"[4, 8]",Foraging,NED
userid_ac5b65d7-f260-4534-9fae-d998b726ed32,"[5, 6]",Foraging,NED
userid_ac5b65d7-f260-4534-9fae-d998b726ed32,"[5, 7]",Foraging,NED
userid_ac5b65d7-f260-4534-9fae-d998b726ed32,"[5, 8]",Foraging,NED
userid_ac5b65d7-f260-4534-9fae-d998b726ed32,"[6, 7]",Foraging,False
userid_ac5b65d7-f260-4534-9fae-d998b726ed32,"[6, 8]",Foraging,False
userid_ac5b65d7-f260-4534-9fae-d998b726ed32,"[7, 8]",Foraging,False
userid_ac5b65d7-f260-4534-9fae-d998b726ed32,"[0, 1]",Navigation,False
userid_ac5b65d7-f260-4534-9fae-d998b726ed32,"[0, 2]",Navigation,NED
userid_ac5b65d7-f260-4534-9fae-d998b726ed32,"[0, 3]",Navigation,False
userid_ac5b65d7-f260-4534-9fae-d998b726ed32,"[0, 4]",Navigation,False
userid_ac5b65d7-f260-4534-9fae-d998b726ed32,"[0, 5]",Navigation,False
userid_ac5b65d7-f260-4534-9fae-d998b726ed32,"[0, 6]",Navigation,True
userid_ac5b65d7-f260-4534-9fae-d998b726ed32,"[0, 7]",Navigation,True
userid_ac5b65d7-f260-4534-9fae-d998b726ed32,"[0, 8]",Navigation,True
userid_ac5b65d7-f260-4534-9fae-d998b726ed32,"[1, 2]",Navigation,NED
userid_ac5b65d7-f260-4534-9fae-d998b726ed32,"[1, 3]",Navigation,False
userid_ac5b65d7-f260-4534-9fae-d998b726ed32,"[1, 4]",Navigation,False
userid_ac5b65d7-f260-4534-9fae-d998b726ed32,"[1, 5]",Navigation,False
userid_ac5b65d7-f260-4534-9fae-d998b726ed32,"[1, 6]",Navigation,True
userid_ac5b65d7-f260-4534-9fae-d998b726ed32,"[1, 7]",Navigation,True
userid_ac5b65d7-f260-4534-9fae-d998b726ed32,"[1, 8]",Navigation,True
userid_ac5b65d7-f260-4534-9fae-d998b726ed32,"[2, 3]",Navigation,NED
userid_ac5b65d7-f260-4534-9fae-d998b726ed32,"[2, 4]",Navigation,NED
userid_ac5b65d7-f260-4534-9fae-d998b726ed32,"[2, 5]",Navigation,NED
userid_ac5b65d7-f260-4534-9fae-d998b726ed32,"[2, 6]",Navigation,NED
userid_ac5b65d7-f260-4534-9fae-d998b726ed32,"[2, 7]",Navigation,NED
userid_ac5b65d7-f260-4534-9fae-d998b726ed32,"[2, 8]",Navigation,NED
userid_ac5b65d7-f260-4534-9fae-d998b726ed32,"[3, 4]",Navigation,False
userid_ac5b65d7-f260-4534-9fae-d998b726ed32,"[3, 5]",Navigation,False
userid_ac5b65d7-f260-4534-9fae-d998b726ed32,"[3, 6]",Navigation,False
userid_ac5b65d7-f260-4534-9fae-d998b726ed32,"[3, 7]",Navigation,False
userid_ac5b65d7-f260-4534-9fae-d998b726ed32,"[3, 8]",Navigation,False
userid_ac5b65d7-f260-4534-9fae-d998b726ed32,"[4, 5]",Navigation,False
userid_ac5b65d7-f260-4534-9fae-d998b726ed32,"[4, 6]",Navigation,False
userid_ac5b65d7-f260-4534-9fae-d998b726ed32,"[4, 7]",Navigation,False
userid_ac5b65d7-f260-4534-9fae-d998b726ed32,"[4, 8]",Navigation,False
userid_ac5b65d7-f260-4534-9fae-d998b726ed32,"[5, 6]",Navigation,False
userid_ac5b65d7-f260-4534-9fae-d998b726ed32,"[5, 7]",Navigation,False
userid_ac5b65d7-f260-4534-9fae-d998b726ed32,"[5, 8]",Navigation,False
userid_ac5b65d7-f260-4534-9fae-d998b726ed32,"[6, 7]",Navigation,False
userid_ac5b65d7-f260-4534-9fae-d998b726ed32,"[6, 8]",Navigation,False
userid_ac5b65d7-f260-4534-9fae-d998b726ed32,"[7, 8]",Navigation,False
userid_bc9f9425-e867-4876-a5d9-791229916767,"[0, 1]",Sensemaking,NED
userid_bc9f9425-e867-4876-a5d9-791229916767,"[0, 2]",Sensemaking,NED
userid_bc9f9425-e867-4876-a5d9-791229916767,"[0, 3]",Sensemaking,NED
userid_bc9f9425-e867-4876-a5d9-791229916767,"[1, 2]",Sensemaking,NED
userid_bc9f9425-e867-4876-a5d9-791229916767,"[1, 3]",Sensemaking,NED
userid_bc9f9425-e867-4876-a5d9-791229916767,"[2, 3]",Sensemaking,NED
userid_bc9f9425-e867-4876-a5d9-791229916767,"[0, 1]",Foraging,False
userid_bc9f9425-e867-4876-a5d9-791229916767,"[0, 2]",Foraging,False
userid_bc9f9425-e867-4876-a5d9-791229916767,"[0, 3]",Foraging,NED
userid_bc9f9425-e867-4876-a5d9-791229916767,"[1, 2]",Foraging,False
userid_bc9f9425-e867-4876-a5d9-791229916767,"[1, 3]",Foraging,NED
userid_bc9f9425-e867-4876-a5d9-791229916767,"[2, 3]",Foraging,NED
userid_bc9f9425-e867-4876-a5d9-791229916767,"[0, 1]",Navigation,True
userid_bc9f9425-e867-4876-a5d9-791229916767,"[0, 2]",Navigation,False
userid_bc9f9425-e867-4876-a5d9-791229916767,"[0, 3]",Navigation,NED
userid_bc9f9425-e867-4876-a5d9-791229916767,"[1, 2]",Navigation,False
userid_bc9f9425-e867-4876-a5d9-791229916767,"[1, 3]",Navigation,NED
userid_bc9f9425-e867-4876-a5d9-791229916767,"[2, 3]",Navigation,NED
userid_bda49380-37ad-41c5-a109-7fa198a7691a,"[0, 1]",Sensemaking,NED
userid_bda49380-37ad-41c5-a109-7fa198a7691a,"[0, 2]",Sensemaking,False
userid_bda49380-37ad-41c5-a109-7fa198a7691a,"[0, 3]",Sensemaking,False
userid_bda49380-37ad-41c5-a109-7fa198a7691a,"[0, 4]",Sensemaking,False
userid_bda49380-37ad-41c5-a109-7fa198a7691a,"[0, 5]",Sensemaking,False
userid_bda49380-37ad-41c5-a109-7fa198a7691a,"[0, 6]",Sensemaking,False
userid_bda49380-37ad-41c5-a109-7fa198a7691a,"[1, 2]",Sensemaking,NED
userid_bda49380-37ad-41c5-a109-7fa198a7691a,"[1, 3]",Sensemaking,NED
userid_bda49380-37ad-41c5-a109-7fa198a7691a,"[1, 4]",Sensemaking,NED
userid_bda49380-37ad-41c5-a109-7fa198a7691a,"[1, 5]",Sensemaking,NED
userid_bda49380-37ad-41c5-a109-7fa198a7691a,"[1, 6]",Sensemaking,NED
userid_bda49380-37ad-41c5-a109-7fa198a7691a,"[2, 3]",Sensemaking,False
userid_bda49380-37ad-41c5-a109-7fa198a7691a,"[2, 4]",Sensemaking,False
userid_bda49380-37ad-41c5-a109-7fa198a7691a,"[2, 5]",Sensemaking,False
userid_bda49380-37ad-41c5-a109-7fa198a7691a,"[2, 6]",Sensemaking,False
userid_bda49380-37ad-41c5-a109-7fa198a7691a,"[3, 4]",Sensemaking,False
userid_bda49380-37ad-41c5-a109-7fa198a7691a,"[3, 5]",Sensemaking,False
userid_bda49380-37ad-41c5-a109-7fa198a7691a,"[3, 6]",Sensemaking,False
userid_bda49380-37ad-41c5-a109-7fa198a7691a,"[4, 5]",Sensemaking,False
userid_bda49380-37ad-41c5-a109-7fa198a7691a,"[4, 6]",Sensemaking,False
userid_bda49380-37ad-41c5-a109-7fa198a7691a,"[5, 6]",Sensemaking,False
userid_bda49380-37ad-41c5-a109-7fa198a7691a,"[0, 1]",Foraging,NED
userid_bda49380-37ad-41c5-a109-7fa198a7691a,"[0, 2]",Foraging,NED
userid_bda49380-37ad-41c5-a109-7fa198a7691a,"[0, 3]",Foraging,NED
userid_bda49380-37ad-41c5-a109-7fa198a7691a,"[0, 4]",Foraging,NED
userid_bda49380-37ad-41c5-a109-7fa198a7691a,"[0, 5]",Foraging,NED
userid_bda49380-37ad-41c5-a109-7fa198a7691a,"[0, 6]",Foraging,NED
userid_bda49380-37ad-41c5-a109-7fa198a7691a,"[1, 2]",Foraging,NED
userid_bda49380-37ad-41c5-a109-7fa198a7691a,"[1, 3]",Foraging,NED
userid_bda49380-37ad-41c5-a109-7fa198a7691a,"[1, 4]",Foraging,NED
userid_bda49380-37ad-41c5-a109-7fa198a7691a,"[1, 5]",Foraging,NED
userid_bda49380-37ad-41c5-a109-7fa198a7691a,"[1, 6]",Foraging,NED
userid_bda49380-37ad-41c5-a109-7fa198a7691a,"[2, 3]",Foraging,NED
userid_bda49380-37ad-41c5-a109-7fa198a7691a,"[2, 4]",Foraging,NED
userid_bda49380-37ad-41c5-a109-7fa198a7691a,"[2, 5]",Foraging,NED
userid_bda49380-37ad-41c5-a109-7fa198a7691a,"[2, 6]",Foraging,NED
userid_bda49380-37ad-41c5-a109-7fa198a7691a,"[3, 4]",Foraging,False
userid_bda49380-37ad-41c5-a109-7fa198a7691a,"[3, 5]",Foraging,NED
userid_bda49380-37ad-41c5-a109-7fa198a7691a,"[3, 6]",Foraging,NED
userid_bda49380-37ad-41c5-a109-7fa198a7691a,"[4, 5]",Foraging,NED
userid_bda49380-37ad-41c5-a109-7fa198a7691a,"[4, 6]",Foraging,NED
userid_bda49380-37ad-41c5-a109-7fa198a7691a,"[5, 6]",Foraging,NED
userid_bda49380-37ad-41c5-a109-7fa198a7691a,"[0, 1]",Navigation,False
userid_bda49380-37ad-41c5-a109-7fa198a7691a,"[0, 2]",Navigation,False
userid_bda49380-37ad-41c5-a109-7fa198a7691a,"[0, 3]",Navigation,False
userid_bda49380-37ad-41c5-a109-7fa198a7691a,"[0, 4]",Navigation,False
userid_bda49380-37ad-41c5-a109-7fa198a7691a,"[0, 5]",Navigation,False
userid_bda49380-37ad-41c5-a109-7fa198a7691a,"[0, 6]",Navigation,False
userid_bda49380-37ad-41c5-a109-7fa198a7691a,"[1, 2]",Navigation,False
userid_bda49380-37ad-41c5-a109-7fa198a7691a,"[1, 3]",Navigation,False
userid_bda49380-37ad-41c5-a109-7fa198a7691a,"[1, 4]",Navigation,False
userid_bda49380-37ad-41c5-a109-7fa198a7691a,"[1, 5]",Navigation,False
userid_bda49380-37ad-41c5-a109-7fa198a7691a,"[1, 6]",Navigation,True
userid_bda49380-37ad-41c5-a109-7fa198a7691a,"[2, 3]",Navigation,False
userid_bda49380-37ad-41c5-a109-7fa198a7691a,"[2, 4]",Navigation,False
userid_bda49380-37ad-41c5-a109-7fa198a7691a,"[2, 5]",Navigation,False
userid_bda49380-37ad-41c5-a109-7fa198a7691a,"[2, 6]",Navigation,True
userid_bda49380-37ad-41c5-a109-7fa198a7691a,"[3, 4]",Navigation,False
userid_bda49380-37ad-41c5-a109-7fa198a7691a,"[3, 5]",Navigation,False
userid_bda49380-37ad-41c5-a109-7fa198a7691a,"[3, 6]",Navigation,True
userid_bda49380-37ad-41c5-a109-7fa198a7691a,"[4, 5]",Navigation,False
userid_bda49380-37ad-41c5-a109-7fa198a7691a,"[4, 6]",Navigation,False
userid_bda49380-37ad-41c5-a109-7fa198a7691a,"[5, 6]",Navigation,True
userid_cd3ef507-e3e9-4edb-9222-90a69a9bf272,"[0, 1]",Sensemaking,NED
userid_cd3ef507-e3e9-4edb-9222-90a69a9bf272,"[0, 2]",Sensemaking,NED
userid_cd3ef507-e3e9-4edb-9222-90a69a9bf272,"[0, 3]",Sensemaking,NED
userid_cd3ef507-e3e9-4edb-9222-90a69a9bf272,"[1, 2]",Sensemaking,NED
userid_cd3ef507-e3e9-4edb-9222-90a69a9bf272,"[1, 3]",Sensemaking,NED
userid_cd3ef507-e3e9-4edb-9222-90a69a9bf272,"[2, 3]",Sensemaking,NED
userid_cd3ef507-e3e9-4edb-9222-90a69a9bf272,"[0, 1]",Foraging,NED
userid_cd3ef507-e3e9-4edb-9222-90a69a9bf272,"[0, 2]",Foraging,True
userid_cd3ef507-e3e9-4edb-9222-90a69a9bf272,"[0, 3]",Foraging,False
userid_cd3ef507-e3e9-4edb-9222-90a69a9bf272,"[1, 2]",Foraging,NED
userid_cd3ef507-e3e9-4edb-9222-90a69a9bf272,"[1, 3]",Foraging,NED
userid_cd3ef507-e3e9-4edb-9222-90a69a9bf272,"[2, 3]",Foraging,False
userid_cd3ef507-e3e9-4edb-9222-90a69a9bf272,"[0, 1]",Navigation,False
userid_cd3ef507-e3e9-4edb-9222-90a69a9bf272,"[0, 2]",Navigation,False
userid_cd3ef507-e3e9-4edb-9222-90a69a9bf272,"[0, 3]",Navigation,False
userid_cd3ef507-e3e9-4edb-9222-90a69a9bf272,"[1, 2]",Navigation,False
userid_cd3ef507-e3e9-4edb-9222-90a69a9bf272,"[1, 3]",Navigation,False
userid_cd3ef507-e3e9-4edb-9222-90a69a9bf272,"[2, 3]",Navigation,False
userid_d6555293-35c7-4c27-b522-38d67d2d1b1a,"[0, 1]",Sensemaking,NED
userid_d6555293-35c7-4c27-b522-38d67d2d1b1a,"[0, 2]",Sensemaking,NED
userid_d6555293-35c7-4c27-b522-38d67d2d1b1a,"[0, 3]",Sensemaking,NED
userid_d6555293-35c7-4c27-b522-38d67d2d1b1a,"[0, 4]",Sensemaking,NED
userid_d6555293-35c7-4c27-b522-38d67d2d1b1a,"[0, 5]",Sensemaking,NED
userid_d6555293-35c7-4c27-b522-38d67d2d1b1a,"[1, 2]",Sensemaking,NED
userid_d6555293-35c7-4c27-b522-38d67d2d1b1a,"[1, 3]",Sensemaking,NED
userid_d6555293-35c7-4c27-b522-38d67d2d1b1a,"[1, 4]",Sensemaking,False
userid_d6555293-35c7-4c27-b522-38d67d2d1b1a,"[1, 5]",Sensemaking,False
userid_d6555293-35c7-4c27-b522-38d67d2d1b1a,"[2, 3]",Sensemaking,NED
userid_d6555293-35c7-4c27-b522-38d67d2d1b1a,"[2, 4]",Sensemaking,NED
userid_d6555293-35c7-4c27-b522-38d67d2d1b1a,"[2, 5]",Sensemaking,NED
userid_d6555293-35c7-4c27-b522-38d67d2d1b1a,"[3, 4]",Sensemaking,NED
userid_d6555293-35c7-4c27-b522-38d67d2d1b1a,"[3, 5]",Sensemaking,NED
userid_d6555293-35c7-4c27-b522-38d67d2d1b1a,"[4, 5]",Sensemaking,False
userid_d6555293-35c7-4c27-b522-38d67d2d1b1a,"[0, 1]",Foraging,NED
userid_d6555293-35c7-4c27-b522-38d67d2d1b1a,"[0, 2]",Foraging,NED
userid_d6555293-35c7-4c27-b522-38d67d2d1b1a,"[0, 3]",Foraging,NED
userid_d6555293-35c7-4c27-b522-38d67d2d1b1a,"[0, 4]",Foraging,NED
userid_d6555293-35c7-4c27-b522-38d67d2d1b1a,"[0, 5]",Foraging,NED
userid_d6555293-35c7-4c27-b522-38d67d2d1b1a,"[1, 2]",Foraging,NED
userid_d6555293-35c7-4c27-b522-38d67d2d1b1a,"[1, 3]",Foraging,NED
userid_d6555293-35c7-4c27-b522-38d67d2d1b1a,"[1, 4]",Foraging,NED
userid_d6555293-35c7-4c27-b522-38d67d2d1b1a,"[1, 5]",Foraging,NED
userid_d6555293-35c7-4c27-b522-38d67d2d1b1a,"[2, 3]",Foraging,NED
userid_d6555293-35c7-4c27-b522-38d67d2d1b1a,"[2, 4]",Foraging,NED
userid_d6555293-35c7-4c27-b522-38d67d2d1b1a,"[2, 5]",Foraging,NED
userid_d6555293-35c7-4c27-b522-38d67d2d1b1a,"[3, 4]",Foraging,NED
userid_d6555293-35c7-4c27-b522-38d67d2d1b1a,"[3, 5]",Foraging,NED
userid_d6555293-35c7-4c27-b522-38d67d2d1b1a,"[4, 5]",Foraging,NED
userid_d6555293-35c7-4c27-b522-38d67d2d1b1a,"[0, 1]",Navigation,False
userid_d6555293-35c7-4c27-b522-38d67d2d1b1a,"[0, 2]",Navigation,False
userid_d6555293-35c7-4c27-b522-38d67d2d1b1a,"[0, 3]",Navigation,True
userid_d6555293-35c7-4c27-b522-38d67d2d1b1a,"[0, 4]",Navigation,False
userid_d6555293-35c7-4c27-b522-38d67d2d1b1a,"[0, 5]",Navigation,True
userid_d6555293-35c7-4c27-b522-38d67d2d1b1a,"[1, 2]",Navigation,False
userid_d6555293-35c7-4c27-b522-38d67d2d1b1a,"[1, 3]",Navigation,True
userid_d6555293-35c7-4c27-b522-38d67d2d1b1a,"[1, 4]",Navigation,True
userid_d6555293-35c7-4c27-b522-38d67d2d1b1a,"[1, 5]",Navigation,True
userid_d6555293-35c7-4c27-b522-38d67d2d1b1a,"[2, 3]",Navigation,False
userid_d6555293-35c7-4c27-b522-38d67d2d1b1a,"[2, 4]",Navigation,False
userid_d6555293-35c7-4c27-b522-38d67d2d1b1a,"[2, 5]",Navigation,False
userid_d6555293-35c7-4c27-b522-38d67d2d1b1a,"[3, 4]",Navigation,False
userid_d6555293-35c7-4c27-b522-38d67d2d1b1a,"[3, 5]",Navigation,False
userid_d6555293-35c7-4c27-b522-38d67d2d1b1a,"[4, 5]",Navigation,False
userid_da52acdd-3cea-483c-86e5-2c2740d371aa,"[0, 1]",Sensemaking,NED
userid_da52acdd-3cea-483c-86e5-2c2740d371aa,"[0, 2]",Sensemaking,False
userid_da52acdd-3cea-483c-86e5-2c2740d371aa,"[0, 3]",Sensemaking,NED
userid_da52acdd-3cea-483c-86e5-2c2740d371aa,"[0, 4]",Sensemaking,NED
userid_da52acdd-3cea-483c-86e5-2c2740d371aa,"[0, 5]",Sensemaking,NED
userid_da52acdd-3cea-483c-86e5-2c2740d371aa,"[0, 6]",Sensemaking,NED
userid_da52acdd-3cea-483c-86e5-2c2740d371aa,"[0, 7]",Sensemaking,NED
userid_da52acdd-3cea-483c-86e5-2c2740d371aa,"[0, 8]",Sensemaking,NED
userid_da52acdd-3cea-483c-86e5-2c2740d371aa,"[1, 2]",Sensemaking,NED
userid_da52acdd-3cea-483c-86e5-2c2740d371aa,"[1, 3]",Sensemaking,NED
userid_da52acdd-3cea-483c-86e5-2c2740d371aa,"[1, 4]",Sensemaking,NED
userid_da52acdd-3cea-483c-86e5-2c2740d371aa,"[1, 5]",Sensemaking,NED
userid_da52acdd-3cea-483c-86e5-2c2740d371aa,"[1, 6]",Sensemaking,NED
userid_da52acdd-3cea-483c-86e5-2c2740d371aa,"[1, 7]",Sensemaking,NED
userid_da52acdd-3cea-483c-86e5-2c2740d371aa,"[1, 8]",Sensemaking,NED
userid_da52acdd-3cea-483c-86e5-2c2740d371aa,"[2, 3]",Sensemaking,NED
userid_da52acdd-3cea-483c-86e5-2c2740d371aa,"[2, 4]",Sensemaking,NED
userid_da52acdd-3cea-483c-86e5-2c2740d371aa,"[2, 5]",Sensemaking,NED
userid_da52acdd-3cea-483c-86e5-2c2740d371aa,"[2, 6]",Sensemaking,NED
userid_da52acdd-3cea-483c-86e5-2c2740d371aa,"[2, 7]",Sensemaking,NED
userid_da52acdd-3cea-483c-86e5-2c2740d371aa,"[2, 8]",Sensemaking,NED
userid_da52acdd-3cea-483c-86e5-2c2740d371aa,"[3, 4]",Sensemaking,NED
userid_da52acdd-3cea-483c-86e5-2c2740d371aa,"[3, 5]",Sensemaking,NED
userid_da52acdd-3cea-483c-86e5-2c2740d371aa,"[3, 6]",Sensemaking,NED
userid_da52acdd-3cea-483c-86e5-2c2740d371aa,"[3, 7]",Sensemaking,NED
userid_da52acdd-3cea-483c-86e5-2c2740d371aa,"[3, 8]",Sensemaking,NED
userid_da52acdd-3cea-483c-86e5-2c2740d371aa,"[4, 5]",Sensemaking,NED
userid_da52acdd-3cea-483c-86e5-2c2740d371aa,"[4, 6]",Sensemaking,NED
userid_da52acdd-3cea-483c-86e5-2c2740d371aa,"[4, 7]",Sensemaking,NED
userid_da52acdd-3cea-483c-86e5-2c2740d371aa,"[4, 8]",Sensemaking,NED
userid_da52acdd-3cea-483c-86e5-2c2740d371aa,"[5, 6]",Sensemaking,NED
userid_da52acdd-3cea-483c-86e5-2c2740d371aa,"[5, 7]",Sensemaking,NED
userid_da52acdd-3cea-483c-86e5-2c2740d371aa,"[5, 8]",Sensemaking,NED
userid_da52acdd-3cea-483c-86e5-2c2740d371aa,"[6, 7]",Sensemaking,NED
userid_da52acdd-3cea-483c-86e5-2c2740d371aa,"[6, 8]",Sensemaking,NED
userid_da52acdd-3cea-483c-86e5-2c2740d371aa,"[7, 8]",Sensemaking,NED
userid_da52acdd-3cea-483c-86e5-2c2740d371aa,"[0, 1]",Foraging,NED
userid_da52acdd-3cea-483c-86e5-2c2740d371aa,"[0, 2]",Foraging,NED
userid_da52acdd-3cea-483c-86e5-2c2740d371aa,"[0, 3]",Foraging,NED
userid_da52acdd-3cea-483c-86e5-2c2740d371aa,"[0, 4]",Foraging,NED
userid_da52acdd-3cea-483c-86e5-2c2740d371aa,"[0, 5]",Foraging,NED
userid_da52acdd-3cea-483c-86e5-2c2740d371aa,"[0, 6]",Foraging,NED
userid_da52acdd-3cea-483c-86e5-2c2740d371aa,"[0, 7]",Foraging,NED
userid_da52acdd-3cea-483c-86e5-2c2740d371aa,"[0, 8]",Foraging,NED
userid_da52acdd-3cea-483c-86e5-2c2740d371aa,"[1, 2]",Foraging,NED
userid_da52acdd-3cea-483c-86e5-2c2740d371aa,"[1, 3]",Foraging,False
userid_da52acdd-3cea-483c-86e5-2c2740d371aa,"[1, 4]",Foraging,False
userid_da52acdd-3cea-483c-86e5-2c2740d371aa,"[1, 5]",Foraging,NED
userid_da52acdd-3cea-483c-86e5-2c2740d371aa,"[1, 6]",Foraging,NED
userid_da52acdd-3cea-483c-86e5-2c2740d371aa,"[1, 7]",Foraging,NED
userid_da52acdd-3cea-483c-86e5-2c2740d371aa,"[1, 8]",Foraging,NED
userid_da52acdd-3cea-483c-86e5-2c2740d371aa,"[2, 3]",Foraging,NED
userid_da52acdd-3cea-483c-86e5-2c2740d371aa,"[2, 4]",Foraging,NED
userid_da52acdd-3cea-483c-86e5-2c2740d371aa,"[2, 5]",Foraging,NED
userid_da52acdd-3cea-483c-86e5-2c2740d371aa,"[2, 6]",Foraging,NED
userid_da52acdd-3cea-483c-86e5-2c2740d371aa,"[2, 7]",Foraging,NED
userid_da52acdd-3cea-483c-86e5-2c2740d371aa,"[2, 8]",Foraging,NED
userid_da52acdd-3cea-483c-86e5-2c2740d371aa,"[3, 4]",Foraging,False
userid_da52acdd-3cea-483c-86e5-2c2740d371aa,"[3, 5]",Foraging,NED
userid_da52acdd-3cea-483c-86e5-2c2740d371aa,"[3, 6]",Foraging,NED
userid_da52acdd-3cea-483c-86e5-2c2740d371aa,"[3, 7]",Foraging,NED
userid_da52acdd-3cea-483c-86e5-2c2740d371aa,"[3, 8]",Foraging,NED
userid_da52acdd-3cea-483c-86e5-2c2740d371aa,"[4, 5]",Foraging,NED
userid_da52acdd-3cea-483c-86e5-2c2740d371aa,"[4, 6]",Foraging,NED
userid_da52acdd-3cea-483c-86e5-2c2740d371aa,"[4, 7]",Foraging,NED
userid_da52acdd-3cea-483c-86e5-2c2740d371aa,"[4, 8]",Foraging,NED
userid_da52acdd-3cea-483c-86e5-2c2740d371aa,"[5, 6]",Foraging,NED
userid_da52acdd-3cea-483c-86e5-2c2740d371aa,"[5, 7]",Foraging,NED
userid_da52acdd-3cea-483c-86e5-2c2740d371aa,"[5, 8]",Foraging,NED
userid_da52acdd-3cea-483c-86e5-2c2740d371aa,"[6, 7]",Foraging,NED
userid_da52acdd-3cea-483c-86e5-2c2740d371aa,"[6, 8]",Foraging,NED
userid_da52acdd-3cea-483c-86e5-2c2740d371aa,"[7, 8]",Foraging,NED
userid_da52acdd-3cea-483c-86e5-2c2740d371aa,"[0, 1]",Navigation,True
userid_da52acdd-3cea-483c-86e5-2c2740d371aa,"[0, 2]",Navigation,False
userid_da52acdd-3cea-483c-86e5-2c2740d371aa,"[0, 3]",Navigation,False
userid_da52acdd-3cea-483c-86e5-2c2740d371aa,"[0, 4]",Navigation,False
userid_da52acdd-3cea-483c-86e5-2c2740d371aa,"[0, 5]",Navigation,True
userid_da52acdd-3cea-483c-86e5-2c2740d371aa,"[0, 6]",Navigation,False
userid_da52acdd-3cea-483c-86e5-2c2740d371aa,"[0, 7]",Navigation,NED
userid_da52acdd-3cea-483c-86e5-2c2740d371aa,"[0, 8]",Navigation,False
userid_da52acdd-3cea-483c-86e5-2c2740d371aa,"[1, 2]",Navigation,False
userid_da52acdd-3cea-483c-86e5-2c2740d371aa,"[1, 3]",Navigation,True
userid_da52acdd-3cea-483c-86e5-2c2740d371aa,"[1, 4]",Navigation,False
userid_da52acdd-3cea-483c-86e5-2c2740d371aa,"[1, 5]",Navigation,False
userid_da52acdd-3cea-483c-86e5-2c2740d371aa,"[1, 6]",Navigation,False
userid_da52acdd-3cea-483c-86e5-2c2740d371aa,"[1, 7]",Navigation,NED
userid_da52acdd-3cea-483c-86e5-2c2740d371aa,"[1, 8]",Navigation,True
userid_da52acdd-3cea-483c-86e5-2c2740d371aa,"[2, 3]",Navigation,True
userid_da52acdd-3cea-483c-86e5-2c2740d371aa,"[2, 4]",Navigation,False
userid_da52acdd-3cea-483c-86e5-2c2740d371aa,"[2, 5]",Navigation,False
userid_da52acdd-3cea-483c-86e5-2c2740d371aa,"[2, 6]",Navigation,False
userid_da52acdd-3cea-483c-86e5-2c2740d371aa,"[2, 7]",Navigation,NED
userid_da52acdd-3cea-483c-86e5-2c2740d371aa,"[2, 8]",Navigation,False
userid_da52acdd-3cea-483c-86e5-2c2740d371aa,"[3, 4]",Navigation,False
userid_da52acdd-3cea-483c-86e5-2c2740d371aa,"[3, 5]",Navigation,True
userid_da52acdd-3cea-483c-86e5-2c2740d371aa,"[3, 6]",Navigation,False
userid_da52acdd-3cea-483c-86e5-2c2740d371aa,"[3, 7]",Navigation,NED
userid_da52acdd-3cea-483c-86e5-2c2740d371aa,"[3, 8]",Navigation,False
userid_da52acdd-3cea-483c-86e5-2c2740d371aa,"[4, 5]",Navigation,False
userid_da52acdd-3cea-483c-86e5-2c2740d371aa,"[4, 6]",Navigation,False
userid_da52acdd-3cea-483c-86e5-2c2740d371aa,"[4, 7]",Navigation,NED
userid_da52acdd-3cea-483c-86e5-2c2740d371aa,"[4, 8]",Navigation,False
userid_da52acdd-3cea-483c-86e5-2c2740d371aa,"[5, 6]",Navigation,False
userid_da52acdd-3cea-483c-86e5-2c2740d371aa,"[5, 7]",Navigation,NED
userid_da52acdd-3cea-483c-86e5-2c2740d371aa,"[5, 8]",Navigation,True
userid_da52acdd-3cea-483c-86e5-2c2740d371aa,"[6, 7]",Navigation,NED
userid_da52acdd-3cea-483c-86e5-2c2740d371aa,"[6, 8]",Navigation,False
userid_da52acdd-3cea-483c-86e5-2c2740d371aa,"[7, 8]",Navigation,NED
userid_e4221e48-0930-40db-af3c-f4de1ed87582,"[0, 1]",Sensemaking,NED
userid_e4221e48-0930-40db-af3c-f4de1ed87582,"[0, 2]",Sensemaking,NED
userid_e4221e48-0930-40db-af3c-f4de1ed87582,"[0, 3]",Sensemaking,NED
userid_e4221e48-0930-40db-af3c-f4de1ed87582,"[1, 2]",Sensemaking,False
userid_e4221e48-0930-40db-af3c-f4de1ed87582,"[1, 3]",Sensemaking,NED
userid_e4221e48-0930-40db-af3c-f4de1ed87582,"[2, 3]",Sensemaking,NED
userid_e4221e48-0930-40db-af3c-f4de1ed87582,"[0, 1]",Foraging,NED
userid_e4221e48-0930-40db-af3c-f4de1ed87582,"[0, 2]",Foraging,False
userid_e4221e48-0930-40db-af3c-f4de1ed87582,"[0, 3]",Foraging,NED
userid_e4221e48-0930-40db-af3c-f4de1ed87582,"[1, 2]",Foraging,NED
userid_e4221e48-0930-40db-af3c-f4de1ed87582,"[1, 3]",Foraging,NED
userid_e4221e48-0930-40db-af3c-f4de1ed87582,"[2, 3]",Foraging,NED
userid_e4221e48-0930-40db-af3c-f4de1ed87582,"[0, 1]",Navigation,False
userid_e4221e48-0930-40db-af3c-f4de1ed87582,"[0, 2]",Navigation,True
userid_e4221e48-0930-40db-af3c-f4de1ed87582,"[0, 3]",Navigation,NED
userid_e4221e48-0930-40db-af3c-f4de1ed87582,"[1, 2]",Navigation,False
userid_e4221e48-0930-40db-af3c-f4de1ed87582,"[1, 3]",Navigation,NED
userid_e4221e48-0930-40db-af3c-f4de1ed87582,"[2, 3]",Navigation,NED
userid_ff56863b-0710-4a58-ad22-4bf2889c9bc0,"[0, 1]",Sensemaking,NED
userid_ff56863b-0710-4a58-ad22-4bf2889c9bc0,"[0, 2]",Sensemaking,NED
userid_ff56863b-0710-4a58-ad22-4bf2889c9bc0,"[0, 3]",Sensemaking,NED
userid_ff56863b-0710-4a58-ad22-4bf2889c9bc0,"[0, 4]",Sensemaking,NED
userid_ff56863b-0710-4a58-ad22-4bf2889c9bc0,"[0, 5]",Sensemaking,NED
userid_ff56863b-0710-4a58-ad22-4bf2889c9bc0,"[0, 6]",Sensemaking,NED
userid_ff56863b-0710-4a58-ad22-4bf2889c9bc0,"[0, 7]",Sensemaking,NED
userid_ff56863b-0710-4a58-ad22-4bf2889c9bc0,"[0, 8]",Sensemaking,NED
userid_ff56863b-0710-4a58-ad22-4bf2889c9bc0,"[0, 9]",Sensemaking,NED
userid_ff56863b-0710-4a58-ad22-4bf2889c9bc0,"[1, 2]",Sensemaking,NED
userid_ff56863b-0710-4a58-ad22-4bf2889c9bc0,"[1, 3]",Sensemaking,NED
userid_ff56863b-0710-4a58-ad22-4bf2889c9bc0,"[1, 4]",Sensemaking,NED
userid_ff56863b-0710-4a58-ad22-4bf2889c9bc0,"[1, 5]",Sensemaking,NED
userid_ff56863b-0710-4a58-ad22-4bf2889c9bc0,"[1, 6]",Sensemaking,NED
userid_ff56863b-0710-4a58-ad22-4bf2889c9bc0,"[1, 7]",Sensemaking,NED
userid_ff56863b-0710-4a58-ad22-4bf2889c9bc0,"[1, 8]",Sensemaking,NED
userid_ff56863b-0710-4a58-ad22-4bf2889c9bc0,"[1, 9]",Sensemaking,NED
userid_ff56863b-0710-4a58-ad22-4bf2889c9bc0,"[2, 3]",Sensemaking,NED
userid_ff56863b-0710-4a58-ad22-4bf2889c9bc0,"[2, 4]",Sensemaking,False
userid_ff56863b-0710-4a58-ad22-4bf2889c9bc0,"[2, 5]",Sensemaking,NED
userid_ff56863b-0710-4a58-ad22-4bf2889c9bc0,"[2, 6]",Sensemaking,False
userid_ff56863b-0710-4a58-ad22-4bf2889c9bc0,"[2, 7]",Sensemaking,NED
userid_ff56863b-0710-4a58-ad22-4bf2889c9bc0,"[2, 8]",Sensemaking,False
userid_ff56863b-0710-4a58-ad22-4bf2889c9bc0,"[2, 9]",Sensemaking,False
userid_ff56863b-0710-4a58-ad22-4bf2889c9bc0,"[3, 4]",Sensemaking,NED
userid_ff56863b-0710-4a58-ad22-4bf2889c9bc0,"[3, 5]",Sensemaking,NED
userid_ff56863b-0710-4a58-ad22-4bf2889c9bc0,"[3, 6]",Sensemaking,NED
userid_ff56863b-0710-4a58-ad22-4bf2889c9bc0,"[3, 7]",Sensemaking,NED
userid_ff56863b-0710-4a58-ad22-4bf2889c9bc0,"[3, 8]",Sensemaking,NED
userid_ff56863b-0710-4a58-ad22-4bf2889c9bc0,"[3, 9]",Sensemaking,NED
userid_ff56863b-0710-4a58-ad22-4bf2889c9bc0,"[4, 5]",Sensemaking,NED
userid_ff56863b-0710-4a58-ad22-4bf2889c9bc0,"[4, 6]",Sensemaking,False
userid_ff56863b-0710-4a58-ad22-4bf2889c9bc0,"[4, 7]",Sensemaking,NED
userid_ff56863b-0710-4a58-ad22-4bf2889c9bc0,"[4, 8]",Sensemaking,False
userid_ff56863b-0710-4a58-ad22-4bf2889c9bc0,"[4, 9]",Sensemaking,False
userid_ff56863b-0710-4a58-ad22-4bf2889c9bc0,"[5, 6]",Sensemaking,NED
userid_ff56863b-0710-4a58-ad22-4bf2889c9bc0,"[5, 7]",Sensemaking,NED
userid_ff56863b-0710-4a58-ad22-4bf2889c9bc0,"[5, 8]",Sensemaking,NED
userid_ff56863b-0710-4a58-ad22-4bf2889c9bc0,"[5, 9]",Sensemaking,NED
userid_ff56863b-0710-4a58-ad22-4bf2889c9bc0,"[6, 7]",Sensemaking,NED
userid_ff56863b-0710-4a58-ad22-4bf2889c9bc0,"[6, 8]",Sensemaking,False
userid_ff56863b-0710-4a58-ad22-4bf2889c9bc0,"[6, 9]",Sensemaking,False
userid_ff56863b-0710-4a58-ad22-4bf2889c9bc0,"[7, 8]",Sensemaking,NED
userid_ff56863b-0710-4a58-ad22-4bf2889c9bc0,"[7, 9]",Sensemaking,NED
userid_ff56863b-0710-4a58-ad22-4bf2889c9bc0,"[8, 9]",Sensemaking,False
userid_ff56863b-0710-4a58-ad22-4bf2889c9bc0,"[0, 1]",Foraging,NED
userid_ff56863b-0710-4a58-ad22-4bf2889c9bc0,"[0, 2]",Foraging,NED
userid_ff56863b-0710-4a58-ad22-4bf2889c9bc0,"[0, 3]",Foraging,NED
userid_ff56863b-0710-4a58-ad22-4bf2889c9bc0,"[0, 4]",Foraging,NED
userid_ff56863b-0710-4a58-ad22-4bf2889c9bc0,"[0, 5]",Foraging,NED
userid_ff56863b-0710-4a58-ad22-4bf2889c9bc0,"[0, 6]",Foraging,NED
userid_ff56863b-0710-4a58-ad22-4bf2889c9bc0,"[0, 7]",Foraging,NED
userid_ff56863b-0710-4a58-ad22-4bf2889c9bc0,"[0, 8]",Foraging,NED
userid_ff56863b-0710-4a58-ad22-4bf2889c9bc0,"[0, 9]",Foraging,NED
userid_ff56863b-0710-4a58-ad22-4bf2889c9bc0,"[1, 2]",Foraging,NED
userid_ff56863b-0710-4a58-ad22-4bf2889c9bc0,"[1, 3]",Foraging,NED
userid_ff56863b-0710-4a58-ad22-4bf2889c9bc0,"[1, 4]",Foraging,NED
userid_ff56863b-0710-4a58-ad22-4bf2889c9bc0,"[1, 5]",Foraging,NED
userid_ff56863b-0710-4a58-ad22-4bf2889c9bc0,"[1, 6]",Foraging,NED
userid_ff56863b-0710-4a58-ad22-4bf2889c9bc0,"[1, 7]",Foraging,NED
userid_ff56863b-0710-4a58-ad22-4bf2889c9bc0,"[1, 8]",Foraging,NED
userid_ff56863b-0710-4a58-ad22-4bf2889c9bc0,"[1, 9]",Foraging,NED
userid_ff56863b-0710-4a58-ad22-4bf2889c9bc0,"[2, 3]",Foraging,NED
userid_ff56863b-0710-4a58-ad22-4bf2889c9bc0,"[2, 4]",Foraging,NED
userid_ff56863b-0710-4a58-ad22-4bf2889c9bc0,"[2, 5]",Foraging,NED
userid_ff56863b-0710-4a58-ad22-4bf2889c9bc0,"[2, 6]",Foraging,NED
userid_ff56863b-0710-4a58-ad22-4bf2889c9bc0,"[2, 7]",Foraging,NED
userid_ff56863b-0710-4a58-ad22-4bf2889c9bc0,"[2, 8]",Foraging,NED
userid_ff56863b-0710-4a58-ad22-4bf2889c9bc0,"[2, 9]",Foraging,NED
userid_ff56863b-0710-4a58-ad22-4bf2889c9bc0,"[3, 4]",Foraging,NED
userid_ff56863b-0710-4a58-ad22-4bf2889c9bc0,"[3, 5]",Foraging,NED
userid_ff56863b-0710-4a58-ad22-4bf2889c9bc0,"[3, 6]",Foraging,NED
userid_ff56863b-0710-4a58-ad22-4bf2889c9bc0,"[3, 7]",Foraging,NED
userid_ff56863b-0710-4a58-ad22-4bf2889c9bc0,"[3, 8]",Foraging,NED
userid_ff56863b-0710-4a58-ad22-4bf2889c9bc0,"[3, 9]",Foraging,NED
userid_ff56863b-0710-4a58-ad22-4bf2889c9bc0,"[4, 5]",Foraging,NED
userid_ff56863b-0710-4a58-ad22-4bf2889c9bc0,"[4, 6]",Foraging,NED
userid_ff56863b-0710-4a58-ad22-4bf2889c9bc0,"[4, 7]",Foraging,NED
userid_ff56863b-0710-4a58-ad22-4bf2889c9bc0,"[4, 8]",Foraging,NED
userid_ff56863b-0710-4a58-ad22-4bf2889c9bc0,"[4, 9]",Foraging,NED
userid_ff56863b-0710-4a58-ad22-4bf2889c9bc0,"[5, 6]",Foraging,False
userid_ff56863b-0710-4a58-ad22-4bf2889c9bc0,"[5, 7]",Foraging,False
userid_ff56863b-0710-4a58-ad22-4bf2889c9bc0,"[5, 8]",Foraging,False
userid_ff56863b-0710-4a58-ad22-4bf2889c9bc0,"[5, 9]",Foraging,NED
userid_ff56863b-0710-4a58-ad22-4bf2889c9bc0,"[6, 7]",Foraging,False
userid_ff56863b-0710-4a58-ad22-4bf2889c9bc0,"[6, 8]",Foraging,False
userid_ff56863b-0710-4a58-ad22-4bf2889c9bc0,"[6, 9]",Foraging,NED
userid_ff56863b-0710-4a58-ad22-4bf2889c9bc0,"[7, 8]",Foraging,False
userid_ff56863b-0710-4a58-ad22-4bf2889c9bc0,"[7, 9]",Foraging,NED
userid_ff56863b-0710-4a58-ad22-4bf2889c9bc0,"[8, 9]",Foraging,NED
userid_ff56863b-0710-4a58-ad22-4bf2889c9bc0,"[0, 1]",Navigation,False
userid_ff56863b-0710-4a58-ad22-4bf2889c9bc0,"[0, 2]",Navigation,False
userid_ff56863b-0710-4a58-ad22-4bf2889c9bc0,"[0, 3]",Navigation,True
userid_ff56863b-0710-4a58-ad22-4bf2889c9bc0,"[0, 4]",Navigation,False
userid_ff56863b-0710-4a58-ad22-4bf2889c9bc0,"[0, 5]",Navigation,True
userid_ff56863b-0710-4a58-ad22-4bf2889c9bc0,"[0, 6]",Navigation,False
userid_ff56863b-0710-4a58-ad22-4bf2889c9bc0,"[0, 7]",Navigation,True
userid_ff56863b-0710-4a58-ad22-4bf2889c9bc0,"[0, 8]",Navigation,True
userid_ff56863b-0710-4a58-ad22-4bf2889c9bc0,"[0, 9]",Navigation,True
userid_ff56863b-0710-4a58-ad22-4bf2889c9bc0,"[1, 2]",Navigation,False
userid_ff56863b-0710-4a58-ad22-4bf2889c9bc0,"[1, 3]",Navigation,True
userid_ff56863b-0710-4a58-ad22-4bf2889c9bc0,"[1, 4]",Navigation,False
userid_ff56863b-0710-4a58-ad22-4bf2889c9bc0,"[1, 5]",Navigation,True
userid_ff56863b-0710-4a58-ad22-4bf2889c9bc0,"[1, 6]",Navigation,False
userid_ff56863b-0710-4a58-ad22-4bf2889c9bc0,"[1, 7]",Navigation,True
userid_ff56863b-0710-4a58-ad22-4bf2889c9bc0,"[1, 8]",Navigation,True
userid_ff56863b-0710-4a58-ad22-4bf2889c9bc0,"[1, 9]",Navigation,True
userid_ff56863b-0710-4a58-ad22-4bf2889c9bc0,"[2, 3]",Navigation,True
userid_ff56863b-0710-4a58-ad22-4bf2889c9bc0,"[2, 4]",Navigation,True
userid_ff56863b-0710-4a58-ad22-4bf2889c9bc0,"[2, 5]",Navigation,True
userid_ff56863b-0710-4a58-ad22-4bf2889c9bc0,"[2, 6]",Navigation,True
userid_ff56863b-0710-4a58-ad22-4bf2889c9bc0,"[2, 7]",Navigation,True
userid_ff56863b-0710-4a58-ad22-4bf2889c9bc0,"[2, 8]",Navigation,True
userid_ff56863b-0710-4a58-ad22-4bf2889c9bc0,"[2, 9]",Navigation,True
userid_ff56863b-0710-4a58-ad22-4bf2889c9bc0,"[3, 4]",Navigation,False
userid_ff56863b-0710-4a58-ad22-4bf2889c9bc0,"[3, 5]",Navigation,False
userid_ff56863b-0710-4a58-ad22-4bf2889c9bc0,"[3, 6]",Navigation,False
userid_ff56863b-0710-4a58-ad22-4bf2889c9bc0,"[3, 7]",Navigation,False
userid_ff56863b-0710-4a58-ad22-4bf2889c9bc0,"[3, 8]",Navigation,False
userid_ff56863b-0710-4a58-ad22-4bf2889c9bc0,"[3, 9]",Navigation,False
userid_ff56863b-0710-4a58-ad22-4bf2889c9bc0,"[4, 5]",Navigation,False
userid_ff56863b-0710-4a58-ad22-4bf2889c9bc0,"[4, 6]",Navigation,False
userid_ff56863b-0710-4a58-ad22-4bf2889c9bc0,"[4, 7]",Navigation,False
userid_ff56863b-0710-4a58-ad22-4bf2889c9bc0,"[4, 8]",Navigation,False
userid_ff56863b-0710-4a58-ad22-4bf2889c9bc0,"[4, 9]",Navigation,True
userid_ff56863b-0710-4a58-ad22-4bf2889c9bc0,"[5, 6]",Navigation,False
userid_ff56863b-0710-4a58-ad22-4bf2889c9bc0,"[5, 7]",Navigation,False
userid_ff56863b-0710-4a58-ad22-4bf2889c9bc0,"[5, 8]",Navigation,False
userid_ff56863b-0710-4a58-ad22-4bf2889c9bc0,"[5, 9]",Navigation,False
userid_ff56863b-0710-4a58-ad22-4bf2889c9bc0,"[6, 7]",Navigation,False
userid_ff56863b-0710-4a58-ad22-4bf2889c9bc0,"[6, 8]",Navigation,False
userid_ff56863b-0710-4a58-ad22-4bf2889c9bc0,"[6, 9]",Navigation,False
userid_ff56863b-0710-4a58-ad22-4bf2889c9bc0,"[7, 8]",Navigation,False
userid_ff56863b-0710-4a58-ad22-4bf2889c9bc0,"[7, 9]",Navigation,False
userid_ff56863b-0710-4a58-ad22-4bf2889c9bc0,"[8, 9]",Navigation,False
