UserIndex,Action,State,TimeStamp,HighLevelStateActionProbab,StateActionProbab,IdleTime,Reward,Subtask_Screenshot_Time,Subtask_Idle_Time,ZoomLevel,NDSI,Subtask_Zoom,Subtask_ROI,Latitude,Longitude,All_address,All_raw_address,Most_frequent_state,Most_frequent_region,Angle,high-level-action
0,start,Foraging,2016-06-15 17:20:50.250,0.6666666666666666,0.4,0.0,0,1,1,0,0.169186,1,1,34.103049999999996,-98.6128,"['None', 'Other', 'None', 'Other', 'None', 'Other', 'None', 'Other']","[[15.2153, -132.053], [52.9908, -65.1726], [15.2153, -132.053], [52.9908, -65.1726], [15.2153, -132.053], [52.9908, -65.1726], [15.2153, -132.053], [52.9908, -65.1726]]",None,None,0.0,change
1,pan,Foraging,2016-06-15 17:21:48.144,0.5,0.3333333333333333,57.894,0,1,1,0,0.0,1,1,34.103049999999996,-98.6128,"['None', 'Other', 'None', 'Other', 'None', 'Other', 'None', 'Other']","[[15.2153, -132.053], [52.9908, -65.1726], [15.2153, -132.053], [52.9908, -65.1726], [15.2153, -132.053], [52.9908, -65.1726], [15.2153, -132.053], [52.9908, -65.1726]]",None,None,356.140276316379,same
2,zoom,Navigation,2016-06-15 17:21:49.204,0.6666666666666666,0.4,1.06,0,1,1,1,0.626178375,1,1,32.654175,-94.1993125,"['None', 'South', 'Other', 'None', 'None', 'NorthernRockiesPlains', 'South', 'Other']","[[18.1367, -107.299], [30.3858, -97.2569], [15.1746, -86.0958], [30.4655, -77.7951], [30.5427, -132.053], [52.9945, -94.0237], [30.5342, -93.9559], [52.9994, -65.1151]]",None,None,0.0,change
3,zoom,Navigation,2016-06-15 17:21:49.787,0.5,0.5,0.583,0,1,1,2,0.5911005,1,1,31.098675,-92.82305,"['None', 'South', 'None', 'None', 'None', 'UpperMidwest', 'South', 'Northeast']","[[19.3337, -107.299], [30.4742, -97.2569], [23.9454, -86.0958], [30.4921, -77.7951], [30.5427, -116.467], [41.7484, -95.2126], [30.5342, -90.8979], [41.7187, -71.5601]]",None,None,0.0,same
4,pan,Navigation,2016-06-15 17:21:50.910,0.6,0.2857142857142857,1.123,0,1,1,2,0.32296987499999996,1,1,47.3906125,-88.3725875,"['West', 'NorthernRockiesPlains', 'UpperMidwest', 'Northeast', 'UpperMidwest', 'Northeast', 'UpperMidwest', 'Northeast']","[[41.761, -116.496], [52.9945, -94.0237], [41.7904, -93.9831], [52.9994, -71.5039], [41.7904, -93.9831], [52.9994, -71.5039], [41.7904, -93.9831], [52.9994, -71.5039]]",Iowa,UpperMidwest,334.6752276383107,same
5,pan,Navigation,2016-06-15 17:21:51.870,0.6666666666666666,0.375,0.96,0,1,1,2,0.0,1,1,47.3949,-82.7435,"['UpperMidwest', 'Northeast', 'UpperMidwest', 'Northeast', 'UpperMidwest', 'Northeast', 'UpperMidwest', 'Northeast']","[[41.7904, -93.9831], [52.9994, -71.5039], [41.7904, -93.9831], [52.9994, -71.5039], [41.7904, -93.9831], [52.9994, -71.5039], [41.7904, -93.9831], [52.9994, -71.5039]]",Iowa,UpperMidwest,352.87043708869595,same
6,zoom,Navigation,2016-06-15 17:21:52.683,0.7142857142857143,0.4444444444444444,0.813,0,1,1,3,0.6367393749999999,1,1,41.83425,-99.685,"['South', 'NorthernRockiesPlains', 'South', 'UpperMidwest', 'SouthWest', 'NorthernRockiesPlains', 'NorthernRockiesPlains', 'NorthernRockiesPlains']","[[35.0085, -111.96], [41.7484, -98.5357], [35.6837, -98.4657], [41.7401, -90.8979], [41.7504, -111.985], [48.49, -98.502], [41.7644, -98.4982], [48.4885, -88.6355]]",Nebraska,NorthernRockiesPlains,0.0,same
7,zoom,Navigation,2016-06-15 17:21:53.378,0.75,0.5,0.695,0,1,1,4,0.630823,1,1,41.8963875,-98.8942,"['SouthWest', 'NorthernRockiesPlains', 'South', 'UpperMidwest', 'NorthernRockiesPlains', 'NorthernRockiesPlains', 'NorthernRockiesPlains', 'UpperMidwest']","[[38.3755, -105.001], [41.7499, -98.5189], [39.5587, -98.4872], [41.7471, -95.1461], [41.7504, -105.244], [45.1093, -98.502], [41.7565, -98.4982], [45.1237, -91.7562]]",Nebraska,NorthernRockiesPlains,0.0,same
8,zoom,Navigation,2016-06-15 17:21:54.090,0.7777777777777778,0.5454545454545454,0.712,0,1,1,5,0.606931,2,1,43.5398375,-101.92505,"['NorthernRockiesPlains', 'NorthernRockiesPlains', 'NorthernRockiesPlains', 'NorthernRockiesPlains', 'NorthernRockiesPlains', 'NorthernRockiesPlains', 'NorthernRockiesPlains', 'NorthernRockiesPlains']","[[41.841, -104.835], [43.4649, -101.781], [41.8411, -101.771], [43.5311, -98.3933], [43.6998, -105.152], [45.2228, -103.442], [43.5325, -101.632], [45.1855, -98.3941]]",South Dakota,NorthernRockiesPlains,0.0,same
9,pan,Sensemaking,2016-06-15 17:21:59.662,0.6666666666666666,0.4,5.572,0,1,1,5,0.0,3,1,44.358999999999995,-100.01304999999999,"['NorthernRockiesPlains', 'NorthernRockiesPlains', 'NorthernRockiesPlains', 'NorthernRockiesPlains', 'NorthernRockiesPlains', 'NorthernRockiesPlains', 'NorthernRockiesPlains', 'NorthernRockiesPlains']","[[43.5325, -101.632], [45.1855, -98.3941], [43.5325, -101.632], [45.1855, -98.3941], [43.5325, -101.632], [45.1855, -98.3941], [43.5325, -101.632], [45.1855, -98.3941]]",South Dakota,NorthernRockiesPlains,350.4662172395629,change
10,pan,Sensemaking,2016-06-15 17:22:07.194,0.5,0.5,7.532,0,1,1,5,0.0,3,1,44.358999999999995,-100.01304999999999,"['NorthernRockiesPlains', 'NorthernRockiesPlains', 'NorthernRockiesPlains', 'NorthernRockiesPlains', 'NorthernRockiesPlains', 'NorthernRockiesPlains', 'NorthernRockiesPlains', 'NorthernRockiesPlains']","[[43.5325, -101.632], [45.1855, -98.3941], [43.5325, -101.632], [45.1855, -98.3941], [43.5325, -101.632], [45.1855, -98.3941], [43.5325, -101.632], [45.1855, -98.3941]]",South Dakota,NorthernRockiesPlains,8.294247812596318,same
11,pan,Sensemaking,2016-06-15 17:22:08.906,0.6,0.5714285714285714,1.712,0,1,1,5,0.47205675,3,1,41.856512499999994,-97.4401875,"['NorthernRockiesPlains', 'NorthernRockiesPlains', 'NorthernRockiesPlains', 'UpperMidwest', 'NorthernRockiesPlains', 'UpperMidwest', 'NorthernRockiesPlains', 'UpperMidwest']","[[40.2717, -100.81], [41.8387, -98.3941], [40.1595, -98.3847], [41.8396, -95.1161], [41.8401, -98.3884], [43.5312, -95.0199], [41.8401, -98.3884], [43.5312, -95.0199]]",Nebraska,NorthernRockiesPlains,347.54917279763384,same
12,pan,Sensemaking,2016-06-15 17:22:13.774,0.6666666666666666,0.625,4.868,0,1,1,5,0.44613237499999997,3,1,43.9580625,-101.90777499999999,"['NorthernRockiesPlains', 'NorthernRockiesPlains', 'NorthernRockiesPlains', 'NorthernRockiesPlains', 'NorthernRockiesPlains', 'NorthernRockiesPlains', 'NorthernRockiesPlains', 'NorthernRockiesPlains']","[[41.841, -104.835], [43.4649, -101.781], [43.6998, -105.152], [45.2228, -103.442], [43.5325, -101.632], [45.1855, -98.3941], [43.5325, -101.632], [45.1855, -98.3941]]",South Dakota,NorthernRockiesPlains,2.168858671714701,same
13,zoom,Sensemaking,2016-06-15 17:22:15.878,0.7142857142857143,0.2222222222222222,2.104,0,1,1,4,0.630823,3,1,41.8963875,-98.8942,"['SouthWest', 'NorthernRockiesPlains', 'South', 'UpperMidwest', 'NorthernRockiesPlains', 'NorthernRockiesPlains', 'NorthernRockiesPlains', 'UpperMidwest']","[[38.3755, -105.001], [41.7499, -98.5189], [39.5587, -98.4872], [41.7471, -95.1461], [41.7504, -105.244], [45.1093, -98.502], [41.7565, -98.4982], [45.1237, -91.7562]]",Nebraska,NorthernRockiesPlains,0.0,same
14,zoom,Navigation,2016-06-15 17:22:18.932,0.3,0.5833333333333334,3.054,0,1,1,3,0.6367393749999999,3,2,41.83425,-99.685,"['South', 'NorthernRockiesPlains', 'South', 'UpperMidwest', 'SouthWest', 'NorthernRockiesPlains', 'NorthernRockiesPlains', 'NorthernRockiesPlains']","[[35.0085, -111.96], [41.7484, -98.5357], [35.6837, -98.4657], [41.7401, -90.8979], [41.7504, -111.985], [48.49, -98.502], [41.7644, -98.4982], [48.4885, -88.6355]]",Nebraska,NorthernRockiesPlains,0.0,change
15,zoom,Navigation,2016-06-15 17:22:20.235,0.7272727272727273,0.6153846153846154,1.303,0,1,1,2,0.618309125,3,2,41.7611625,-93.7680375,"['None', 'UpperMidwest', 'South', 'Northeast', 'West', 'NorthernRockiesPlains', 'UpperMidwest', 'Northeast']","[[30.5427, -116.467], [41.7484, -95.2126], [30.5342, -90.8979], [41.7187, -71.5601], [41.761, -116.496], [52.9945, -94.0237], [41.7904, -93.9831], [52.9994, -71.5039]]",Iowa,UpperMidwest,0.0,same
16,zoom,Navigation,2016-06-15 17:22:20.699,0.75,0.6428571428571429,0.464,0,1,1,1,0.32996662499999996,3,2,41.767250000000004,-87.9112125,"['None', 'NorthernRockiesPlains', 'South', 'Other', 'South', 'Other', 'South', 'Other']","[[30.5427, -132.053], [52.9945, -94.0237], [30.5342, -93.9559], [52.9994, -65.1151], [30.5342, -93.9559], [52.9994, -65.1151], [30.5342, -93.9559], [52.9994, -65.1151]]",Texas,South,0.0,same
17,pan,Foraging,2016-06-15 17:22:21.920,0.6,0.42857142857142855,1.221,0,1,1,1,0.0,3,2,41.7668,-79.5355,"['South', 'Other', 'South', 'Other', 'South', 'Other', 'South', 'Other']","[[30.5342, -93.9559], [52.9994, -65.1151], [30.5342, -93.9559], [52.9994, -65.1151], [30.5342, -93.9559], [52.9994, -65.1151], [30.5342, -93.9559], [52.9994, -65.1151]]",Texas,South,5.637066196886351,change
18,pan,Foraging,2016-06-15 17:22:22.903,0.5,0.5,0.983,0,1,1,1,0.0,3,2,41.7668,-79.5355,"['South', 'Other', 'South', 'Other', 'South', 'Other', 'South', 'Other']","[[30.5342, -93.9559], [52.9994, -65.1151], [30.5342, -93.9559], [52.9994, -65.1151], [30.5342, -93.9559], [52.9994, -65.1151], [30.5342, -93.9559], [52.9994, -65.1151]]",Texas,South,357.29562836535536,same
19,pan,Foraging,2016-06-15 17:22:31.456,0.5714285714285714,0.5555555555555556,8.553,0,1,1,1,0.0,3,2,41.7668,-79.5355,"['South', 'Other', 'South', 'Other', 'South', 'Other', 'South', 'Other']","[[30.5342, -93.9559], [52.9994, -65.1151], [30.5342, -93.9559], [52.9994, -65.1151], [30.5342, -93.9559], [52.9994, -65.1151], [30.5342, -93.9559], [52.9994, -65.1151]]",Texas,South,4.838958585871203,same
20,zoom,Navigation,2016-06-15 17:22:34.222,0.3076923076923077,0.6666666666666666,2.766,0,1,1,2,0.651013625,3,2,42.36835000000001,-113.94953749999999,"['None', 'West', 'None', 'UpperMidwest', 'None', 'Other', 'West', 'NorthernRockiesPlains']","[[35.4656, -124.134], [41.6637, -116.597], [30.5427, -116.467], [41.7484, -95.2126], [41.7792, -132.156], [52.9917, -116.51], [41.761, -116.496], [52.9945, -94.0237]]",None,None,0.0,change
21,pan,Navigation,2016-06-15 17:22:35.476,0.7142857142857143,0.25,1.254,0,1,1,2,0.0,3,2,47.377750000000006,-105.25985,"['West', 'NorthernRockiesPlains', 'West', 'NorthernRockiesPlains', 'West', 'NorthernRockiesPlains', 'West', 'NorthernRockiesPlains']","[[41.761, -116.496], [52.9945, -94.0237], [41.761, -116.496], [52.9945, -94.0237], [41.761, -116.496], [52.9945, -94.0237], [41.761, -116.496], [52.9945, -94.0237]]",Nevada,West,9.001549433015242,same
22,zoom,Navigation,2016-06-15 17:22:36.115,0.7333333333333333,0.6470588235294118,0.639,0,1,1,3,0.47314325,3,2,36.742025,-91.477625,"['None', 'None', 'NorthernRockiesPlains', 'None', 'NorthWest', 'None', 'Other']","[[41.7759, -124.65], [48.4972, -112.005], [49.1719, -132.156], [52.9938, -125.507], [48.5013, -125.495], [52.9961, -112.008]]",None,None,0.0,same
23,zoom,Navigation,2016-06-15 17:22:36.723,0.75,0.6666666666666666,0.608,0,1,1,4,0.645461125,3,2,48.5021875,-118.64875,"['None', 'NorthWest', 'NorthWest', 'NorthernRockiesPlains', 'None', 'NorthWest', 'NorthWest', 'Other']","[[45.1393, -124.664], [48.4949, -118.763], [45.1357, -118.749], [48.4972, -112.017], [48.5002, -125.495], [51.8744, -118.758], [48.505, -118.734], [51.8708, -112.01]]",None,NorthWest,0.0,same
24,zoom,Navigation,2016-06-15 17:22:37.507,0.7647058823529411,0.6842105263157895,0.784,0,1,1,5,0.584113375,4,2,46.910762500000004,-121.88675,"['NorthWest', 'NorthWest', 'NorthWest', 'NorthWest', 'None', 'NorthWest', 'NorthWest', 'NorthWest']","[[45.225, -124.028], [46.873, -122.084], [45.2255, -122.077], [46.9143, -118.749], [46.9181, -124.675], [48.6062, -122.08], [46.9167, -122.076], [48.6073, -119.325]]",Washington,NorthWest,0.0,same
25,pan,Sensemaking,2016-06-15 17:22:38.576,0.375,0.6,1.069,0,1,1,5,0.30407887499999997,4,2,49.453050000000005,-121.185125,"['None', 'NorthWest', 'NorthWest', 'NorthWest', 'NorthWest', 'NorthWest', 'NorthWest', 'NorthWest']","[[48.6107, -125.463], [50.2906, -122.095], [48.6095, -121.938], [50.2982, -118.703], [48.6095, -121.938], [50.2982, -118.703], [48.6095, -121.938], [50.2982, -118.703]]",British Columbia,NorthWest,339.4695385504706,change
26,pan,Sensemaking,2016-06-15 17:22:40.466,0.6666666666666666,0.6363636363636364,1.89,0,1,1,5,0.312270375,4,2,49.043699999999994,-117.00274999999999,"['NorthWest', 'NorthernRockiesPlains', 'NorthWest', 'NorthWest', 'NorthWest', 'NorthWest', 'NorthWest', 'NorthWest']","[[46.9166, -118.648], [48.5908, -115.314], [48.6478, -118.693], [50.2996, -115.327], [48.6478, -118.693], [50.2996, -115.327], [48.6478, -118.693], [50.2996, -115.327]]",Washington,NorthWest,359.88799747155616,same
27,pan,Sensemaking,2016-06-15 17:22:50.425,0.7,0.6666666666666666,9.959,0,1,1,5,0.28331487499999997,4,2,49.028525,-123.678625,"['None', 'NorthWest', 'None', 'NorthWest', 'None', 'NorthWest', 'None', 'NorthWest']","[[46.9181, -124.675], [48.6062, -122.08], [48.6107, -125.463], [50.2906, -122.095], [48.6107, -125.463], [50.2906, -122.095], [48.6107, -125.463], [50.2906, -122.095]]",None,None,0.6928857013694494,same
28,zoom,Navigation,2016-06-15 17:23:02.556,0.2777777777777778,0.7,12.131,10,2,1,4,0.645461125,4,3,48.5021875,-118.64875,"['None', 'NorthWest', 'NorthWest', 'NorthernRockiesPlains', 'None', 'NorthWest', 'NorthWest', 'Other']","[[45.1393, -124.664], [48.4949, -118.763], [45.1357, -118.749], [48.4972, -112.017], [48.5002, -125.495], [51.8744, -118.758], [48.505, -118.734], [51.8708, -112.01]]",None,NorthWest,0.0,change
29,zoom,Navigation,2016-06-15 17:23:03.702,0.7368421052631579,0.7142857142857143,1.146,10,2,2,3,0.47314325,4,3,36.742025,-91.477625,"['None', 'None', 'NorthernRockiesPlains', 'None', 'NorthWest', 'None', 'Other']","[[41.7759, -124.65], [48.4972, -112.005], [49.1719, -132.156], [52.9938, -125.507], [48.5013, -125.495], [52.9961, -112.008]]",None,None,0.0,same
30,pan,Foraging,2016-06-15 17:23:04.731,0.5,0.6,1.029,10,2,2,3,0.32714699999999997,4,3,49.341162499999996,-105.256025,"['SouthWest', 'NorthernRockiesPlains', 'NorthernRockiesPlains', 'NorthernRockiesPlains', 'NorthernRockiesPlains', 'NorthernRockiesPlains', 'NorthernRockiesPlains', 'NorthernRockiesPlains']","[[41.7504, -111.985], [48.49, -98.502], [48.5, -111.989], [52.9963, -98.5314], [48.5, -111.989], [52.9963, -98.5314], [48.5, -111.989], [52.9963, -98.5314]]",Montana,NorthernRockiesPlains,354.5927539990039,change
31,pan,Foraging,2016-06-15 17:23:05.458,0.5555555555555556,0.6363636363636364,0.727,10,2,2,3,0.0,4,3,50.748149999999995,-105.2602,"['NorthernRockiesPlains', 'NorthernRockiesPlains', 'NorthernRockiesPlains', 'NorthernRockiesPlains', 'NorthernRockiesPlains', 'NorthernRockiesPlains', 'NorthernRockiesPlains', 'NorthernRockiesPlains']","[[48.5, -111.989], [52.9963, -98.5314], [48.5, -111.989], [52.9963, -98.5314], [48.5, -111.989], [52.9963, -98.5314], [48.5, -111.989], [52.9963, -98.5314]]",Montana,NorthernRockiesPlains,348.83420491318043,same
32,pan,Foraging,2016-06-15 17:23:06.167,0.6,0.6666666666666666,0.709,10,2,2,3,0.0,4,3,50.748149999999995,-105.2602,"['NorthernRockiesPlains', 'NorthernRockiesPlains', 'NorthernRockiesPlains', 'NorthernRockiesPlains', 'NorthernRockiesPlains', 'NorthernRockiesPlains', 'NorthernRockiesPlains', 'NorthernRockiesPlains']","[[48.5, -111.989], [52.9963, -98.5314], [48.5, -111.989], [52.9963, -98.5314], [48.5, -111.989], [52.9963, -98.5314], [48.5, -111.989], [52.9963, -98.5314]]",Montana,NorthernRockiesPlains,12.160441583681914,same
33,pan,Foraging,2016-06-15 17:23:06.668,0.6363636363636364,0.6923076923076923,0.501,10,2,2,3,0.317348375,4,3,38.427975,-108.45451249999999,"['None', 'SouthWest', 'South', 'NorthernRockiesPlains', 'South', 'NorthernRockiesPlains', 'South', 'NorthernRockiesPlains']","[[35.4466, -124.124], [41.7065, -112.025], [35.0085, -111.96], [41.7484, -98.5357], [35.0085, -111.96], [41.7484, -98.5357], [35.0085, -111.96], [41.7484, -98.5357]]",Arizona,South,2.8687104570963173,same
34,pan,Foraging,2016-06-15 17:23:07.183,0.6666666666666666,0.7142857142857143,0.515,10,2,2,3,0.0,4,3,38.37845,-105.24785,"['South', 'NorthernRockiesPlains', 'South', 'NorthernRockiesPlains', 'South', 'NorthernRockiesPlains', 'South', 'NorthernRockiesPlains']","[[35.0085, -111.96], [41.7484, -98.5357], [35.0085, -111.96], [41.7484, -98.5357], [35.0085, -111.96], [41.7484, -98.5357], [35.0085, -111.96], [41.7484, -98.5357]]",Arizona,South,354.27536622981864,same
35,pan,Foraging,2016-06-15 17:23:07.707,0.6923076923076923,0.7333333333333333,0.524,10,2,2,3,0.32365425000000003,4,3,50.748287499999996,-108.633025,"['None', 'Other', 'NorthernRockiesPlains', 'NorthernRockiesPlains', 'NorthernRockiesPlains', 'NorthernRockiesPlains', 'NorthernRockiesPlains', 'NorthernRockiesPlains']","[[48.5013, -125.495], [52.9961, -112.008], [48.5, -111.989], [52.9963, -98.5314], [48.5, -111.989], [52.9963, -98.5314], [48.5, -111.989], [52.9963, -98.5314]]",Montana,NorthernRockiesPlains,345.1209992538215,same
36,pan,Foraging,2016-06-15 17:23:08.480,0.7142857142857143,0.75,0.773,10,2,2,3,0.307306125,4,3,49.15365,-93.617475,"['NorthernRockiesPlains', 'NorthernRockiesPlains', 'NorthernRockiesPlains', 'NorthernRockiesPlains', 'NorthernRockiesPlains', 'NorthernRockiesPlains', 'NorthernRockiesPlains', 'NorthernRockiesPlains']","[[41.7644, -98.4982], [48.4885, -88.6355], [48.5025, -98.4653], [52.4896, -88.8034], [48.5025, -98.4653], [52.4896, -88.8034], [48.5025, -98.4653], [52.4896, -88.8034]]",Ontario,NorthernRockiesPlains,346.82503577555764,same
37,pan,Foraging,2016-06-15 17:23:09.048,0.7333333333333333,0.7647058823529411,0.568,10,2,2,3,0.0,4,3,50.49605,-93.63435,"['NorthernRockiesPlains', 'NorthernRockiesPlains', 'NorthernRockiesPlains', 'NorthernRockiesPlains', 'NorthernRockiesPlains', 'NorthernRockiesPlains', 'NorthernRockiesPlains', 'NorthernRockiesPlains']","[[48.5025, -98.4653], [52.4896, -88.8034], [48.5025, -98.4653], [52.4896, -88.8034], [48.5025, -98.4653], [52.4896, -88.8034], [48.5025, -98.4653], [52.4896, -88.8034]]",North Dakota,NorthernRockiesPlains,350.99867329127215,same
38,pan,Foraging,2016-06-15 17:23:09.621,0.75,0.7777777777777778,0.573,10,2,2,3,0.0,4,3,50.49605,-93.63435,"['NorthernRockiesPlains', 'NorthernRockiesPlains', 'NorthernRockiesPlains', 'NorthernRockiesPlains', 'NorthernRockiesPlains', 'NorthernRockiesPlains', 'NorthernRockiesPlains', 'NorthernRockiesPlains']","[[48.5025, -98.4653], [52.4896, -88.8034], [48.5025, -98.4653], [52.4896, -88.8034], [48.5025, -98.4653], [52.4896, -88.8034], [48.5025, -98.4653], [52.4896, -88.8034]]",North Dakota,NorthernRockiesPlains,354.4173392657867,same
39,pan,Foraging,2016-06-15 17:23:10.305,0.7647058823529411,0.7894736842105263,0.684,10,2,2,3,0.0,4,3,50.49605,-93.63435,"['NorthernRockiesPlains', 'NorthernRockiesPlains', 'NorthernRockiesPlains', 'NorthernRockiesPlains', 'NorthernRockiesPlains', 'NorthernRockiesPlains', 'NorthernRockiesPlains', 'NorthernRockiesPlains']","[[48.5025, -98.4653], [52.4896, -88.8034], [48.5025, -98.4653], [52.4896, -88.8034], [48.5025, -98.4653], [52.4896, -88.8034], [48.5025, -98.4653], [52.4896, -88.8034]]",North Dakota,NorthernRockiesPlains,1.549121988394589,same
40,pan,Foraging,2016-06-15 17:23:10.826,0.7777777777777778,0.8,0.521,10,2,2,3,0.0,4,3,50.49605,-93.63435,"['NorthernRockiesPlains', 'NorthernRockiesPlains', 'NorthernRockiesPlains', 'NorthernRockiesPlains', 'NorthernRockiesPlains', 'NorthernRockiesPlains', 'NorthernRockiesPlains', 'NorthernRockiesPlains']","[[48.5025, -98.4653], [52.4896, -88.8034], [48.5025, -98.4653], [52.4896, -88.8034], [48.5025, -98.4653], [52.4896, -88.8034], [48.5025, -98.4653], [52.4896, -88.8034]]",North Dakota,NorthernRockiesPlains,10.468061885773283,same
41,pan,Foraging,2016-06-15 17:23:11.423,0.7894736842105263,0.8095238095238095,0.597,0,2,2,3,0.310688125,4,3,38.6285375,-97.32331250000001,"['South', 'NorthernRockiesPlains', 'South', 'UpperMidwest', 'South', 'UpperMidwest', 'South', 'UpperMidwest']","[[35.0085, -111.96], [41.7484, -98.5357], [35.6837, -98.4657], [41.7401, -90.8979], [35.6837, -98.4657], [41.7401, -90.8979], [35.6837, -98.4657], [41.7401, -90.8979]]",Oklahoma,South,8.483329835471782,same
42,pan,Foraging,2016-06-15 17:23:11.903,0.8,0.8181818181818182,0.48,0,2,2,3,0.0,4,3,38.7119,-94.68180000000001,"['South', 'UpperMidwest', 'South', 'UpperMidwest', 'South', 'UpperMidwest', 'South', 'UpperMidwest']","[[35.6837, -98.4657], [41.7401, -90.8979], [35.6837, -98.4657], [41.7401, -90.8979], [35.6837, -98.4657], [41.7401, -90.8979], [35.6837, -98.4657], [41.7401, -90.8979]]",Oklahoma,South,8.76721488344952,same
43,pan,Foraging,2016-06-15 17:23:12.495,0.8095238095238095,0.8260869565217391,0.592,0,2,2,3,0.32348475,4,3,43.49655,-118.26425,"['None', 'SouthWest', 'None', 'NorthernRockiesPlains', 'None', 'NorthernRockiesPlains', 'None', 'NorthernRockiesPlains']","[[35.4466, -124.124], [41.7065, -112.025], [41.7759, -124.65], [48.4972, -112.005], [41.7759, -124.65], [48.4972, -112.005], [41.7759, -124.65], [48.4972, -112.005]]",None,None,14.1212815761358,same
44,pan,Foraging,2016-06-15 17:23:13.455,0.8181818181818182,0.8333333333333334,0.96,0,2,2,3,0.0,4,3,45.13655,-118.3275,"['None', 'NorthernRockiesPlains', 'None', 'NorthernRockiesPlains', 'None', 'NorthernRockiesPlains', 'None', 'NorthernRockiesPlains']","[[41.7759, -124.65], [48.4972, -112.005], [41.7759, -124.65], [48.4972, -112.005], [41.7759, -124.65], [48.4972, -112.005], [41.7759, -124.65], [48.4972, -112.005]]",None,None,3.207654578139035,same
45,pan,Foraging,2016-06-15 17:23:14.070,0.8260869565217391,0.84,0.615,0,2,2,3,0.0,4,3,45.13655,-118.3275,"['None', 'NorthernRockiesPlains', 'None', 'NorthernRockiesPlains', 'None', 'NorthernRockiesPlains', 'None', 'NorthernRockiesPlains']","[[41.7759, -124.65], [48.4972, -112.005], [41.7759, -124.65], [48.4972, -112.005], [41.7759, -124.65], [48.4972, -112.005], [41.7759, -124.65], [48.4972, -112.005]]",None,None,358.2836450247325,same
46,pan,Foraging,2016-06-15 17:23:14.583,0.8333333333333334,0.8461538461538461,0.513,0,2,2,3,0.32365425000000003,4,3,50.748287499999996,-108.633025,"['None', 'Other', 'NorthernRockiesPlains', 'NorthernRockiesPlains', 'NorthernRockiesPlains', 'NorthernRockiesPlains', 'NorthernRockiesPlains', 'NorthernRockiesPlains']","[[48.5013, -125.495], [52.9961, -112.008], [48.5, -111.989], [52.9963, -98.5314], [48.5, -111.989], [52.9963, -98.5314], [48.5, -111.989], [52.9963, -98.5314]]",Montana,NorthernRockiesPlains,354.6160986669631,same
47,pan,Foraging,2016-06-15 17:23:15.526,0.84,0.8518518518518519,0.943,0,2,2,3,0.0,4,3,50.748149999999995,-105.2602,"['NorthernRockiesPlains', 'NorthernRockiesPlains', 'NorthernRockiesPlains', 'NorthernRockiesPlains', 'NorthernRockiesPlains', 'NorthernRockiesPlains', 'NorthernRockiesPlains', 'NorthernRockiesPlains']","[[48.5, -111.989], [52.9963, -98.5314], [48.5, -111.989], [52.9963, -98.5314], [48.5, -111.989], [52.9963, -98.5314], [48.5, -111.989], [52.9963, -98.5314]]",Montana,NorthernRockiesPlains,355.8845705955918,same
48,pan,Foraging,2016-06-15 17:23:16.559,0.8461538461538461,0.8571428571428571,1.033,0,2,2,3,0.0,4,3,50.748149999999995,-105.2602,"['NorthernRockiesPlains', 'NorthernRockiesPlains', 'NorthernRockiesPlains', 'NorthernRockiesPlains', 'NorthernRockiesPlains', 'NorthernRockiesPlains', 'NorthernRockiesPlains', 'NorthernRockiesPlains']","[[48.5, -111.989], [52.9963, -98.5314], [48.5, -111.989], [52.9963, -98.5314], [48.5, -111.989], [52.9963, -98.5314], [48.5, -111.989], [52.9963, -98.5314]]",Montana,NorthernRockiesPlains,358.7511129078611,same
49,pan,Foraging,2016-06-15 17:23:17.278,0.8518518518518519,0.8620689655172413,0.719,0,2,2,3,0.0,4,3,50.748149999999995,-105.2602,"['NorthernRockiesPlains', 'NorthernRockiesPlains', 'NorthernRockiesPlains', 'NorthernRockiesPlains', 'NorthernRockiesPlains', 'NorthernRockiesPlains', 'NorthernRockiesPlains', 'NorthernRockiesPlains']","[[48.5, -111.989], [52.9963, -98.5314], [48.5, -111.989], [52.9963, -98.5314], [48.5, -111.989], [52.9963, -98.5314], [48.5, -111.989], [52.9963, -98.5314]]",Montana,NorthernRockiesPlains,0.5964781817619756,same
50,pan,Foraging,2016-06-15 17:23:18.667,0.8571428571428571,0.8666666666666667,1.389,0,2,2,3,0.0,4,3,50.748149999999995,-105.2602,"['NorthernRockiesPlains', 'NorthernRockiesPlains', 'NorthernRockiesPlains', 'NorthernRockiesPlains', 'NorthernRockiesPlains', 'NorthernRockiesPlains', 'NorthernRockiesPlains', 'NorthernRockiesPlains']","[[48.5, -111.989], [52.9963, -98.5314], [48.5, -111.989], [52.9963, -98.5314], [48.5, -111.989], [52.9963, -98.5314], [48.5, -111.989], [52.9963, -98.5314]]",Montana,NorthernRockiesPlains,346.19710029866883,same
51,pan,Foraging,2016-06-15 17:23:19.159,0.8620689655172413,0.8709677419354839,0.492,0,2,2,3,0.0,4,3,50.748149999999995,-105.2602,"['NorthernRockiesPlains', 'NorthernRockiesPlains', 'NorthernRockiesPlains', 'NorthernRockiesPlains', 'NorthernRockiesPlains', 'NorthernRockiesPlains', 'NorthernRockiesPlains', 'NorthernRockiesPlains']","[[48.5, -111.989], [52.9963, -98.5314], [48.5, -111.989], [52.9963, -98.5314], [48.5, -111.989], [52.9963, -98.5314], [48.5, -111.989], [52.9963, -98.5314]]",Montana,NorthernRockiesPlains,353.3495676249148,same
52,pan,Foraging,2016-06-15 17:23:19.741,0.8666666666666667,0.875,0.582,0,2,2,3,0.0,4,3,50.748149999999995,-105.2602,"['NorthernRockiesPlains', 'NorthernRockiesPlains', 'NorthernRockiesPlains', 'NorthernRockiesPlains', 'NorthernRockiesPlains', 'NorthernRockiesPlains', 'NorthernRockiesPlains', 'NorthernRockiesPlains']","[[48.5, -111.989], [52.9963, -98.5314], [48.5, -111.989], [52.9963, -98.5314], [48.5, -111.989], [52.9963, -98.5314], [48.5, -111.989], [52.9963, -98.5314]]",Montana,NorthernRockiesPlains,348.3423136269241,same
53,pan,Foraging,2016-06-15 17:23:20.678,0.8709677419354839,0.8787878787878788,0.937,0,2,2,3,0.307306125,4,3,49.15365,-93.617475,"['NorthernRockiesPlains', 'NorthernRockiesPlains', 'NorthernRockiesPlains', 'NorthernRockiesPlains', 'NorthernRockiesPlains', 'NorthernRockiesPlains', 'NorthernRockiesPlains', 'NorthernRockiesPlains']","[[41.7644, -98.4982], [48.4885, -88.6355], [48.5025, -98.4653], [52.4896, -88.8034], [48.5025, -98.4653], [52.4896, -88.8034], [48.5025, -98.4653], [52.4896, -88.8034]]",Ontario,NorthernRockiesPlains,2.1227459126134915,same
54,pan,Foraging,2016-06-15 17:23:22.133,0.875,0.8823529411764706,1.455,0,2,2,3,0.0,4,3,50.49605,-93.63435,"['NorthernRockiesPlains', 'NorthernRockiesPlains', 'NorthernRockiesPlains', 'NorthernRockiesPlains', 'NorthernRockiesPlains', 'NorthernRockiesPlains', 'NorthernRockiesPlains', 'NorthernRockiesPlains']","[[48.5025, -98.4653], [52.4896, -88.8034], [48.5025, -98.4653], [52.4896, -88.8034], [48.5025, -98.4653], [52.4896, -88.8034], [48.5025, -98.4653], [52.4896, -88.8034]]",North Dakota,NorthernRockiesPlains,357.88871282154696,same
55,pan,Foraging,2016-06-15 17:23:23.985,0.8787878787878788,0.8857142857142857,1.852,0,2,2,3,0.0,4,3,50.49605,-93.63435,"['NorthernRockiesPlains', 'NorthernRockiesPlains', 'NorthernRockiesPlains', 'NorthernRockiesPlains', 'NorthernRockiesPlains', 'NorthernRockiesPlains', 'NorthernRockiesPlains', 'NorthernRockiesPlains']","[[48.5025, -98.4653], [52.4896, -88.8034], [48.5025, -98.4653], [52.4896, -88.8034], [48.5025, -98.4653], [52.4896, -88.8034], [48.5025, -98.4653], [52.4896, -88.8034]]",North Dakota,NorthernRockiesPlains,13.165340048947341,same
56,pan,Foraging,2016-06-15 17:23:24.432,0.8823529411764706,0.8888888888888888,0.447,0,2,2,3,0.310688125,4,3,38.6285375,-97.32331250000001,"['South', 'NorthernRockiesPlains', 'South', 'UpperMidwest', 'South', 'UpperMidwest', 'South', 'UpperMidwest']","[[35.0085, -111.96], [41.7484, -98.5357], [35.6837, -98.4657], [41.7401, -90.8979], [35.6837, -98.4657], [41.7401, -90.8979], [35.6837, -98.4657], [41.7401, -90.8979]]",Oklahoma,South,10.533688733771111,same
57,pan,Foraging,2016-06-15 17:23:25.239,0.8857142857142857,0.8918918918918919,0.807,0,2,2,3,0.0,4,3,38.7119,-94.68180000000001,"['South', 'UpperMidwest', 'South', 'UpperMidwest', 'South', 'UpperMidwest', 'South', 'UpperMidwest']","[[35.6837, -98.4657], [41.7401, -90.8979], [35.6837, -98.4657], [41.7401, -90.8979], [35.6837, -98.4657], [41.7401, -90.8979], [35.6837, -98.4657], [41.7401, -90.8979]]",Oklahoma,South,2.7654127464224136,same
58,pan,Foraging,2016-06-15 17:23:28.054,0.8888888888888888,0.8947368421052632,2.815,0,2,2,3,0.32348475,4,3,43.49655,-118.26425,"['None', 'SouthWest', 'None', 'NorthernRockiesPlains', 'None', 'NorthernRockiesPlains', 'None', 'NorthernRockiesPlains']","[[35.4466, -124.124], [41.7065, -112.025], [41.7759, -124.65], [48.4972, -112.005], [41.7759, -124.65], [48.4972, -112.005], [41.7759, -124.65], [48.4972, -112.005]]",None,None,3.808422292709657,same
59,zoom,Navigation,2016-06-15 17:23:29.544,0.3,0.7272727272727273,1.49,0,2,2,4,0.6345691250000001,4,3,45.122037500000005,-105.2935375,"['SouthWest', 'NorthernRockiesPlains', 'NorthernRockiesPlains', 'NorthernRockiesPlains', 'NorthernRockiesPlains', 'NorthernRockiesPlains', 'NorthernRockiesPlains', 'NorthernRockiesPlains']","[[41.75, -111.985], [45.124, -105.26], [41.7504, -105.244], [45.1093, -98.502], [45.1258, -111.985], [48.49, -105.253], [45.1276, -105.248], [48.4992, -98.8713]]",Montana,NorthernRockiesPlains,0.0,change
60,pan,Navigation,2016-06-15 17:23:30.990,0.7142857142857143,0.21739130434782608,1.446,0,2,2,4,0.0,4,3,46.8134,-102.05965,"['NorthernRockiesPlains', 'NorthernRockiesPlains', 'NorthernRockiesPlains', 'NorthernRockiesPlains', 'NorthernRockiesPlains', 'NorthernRockiesPlains', 'NorthernRockiesPlains', 'NorthernRockiesPlains']","[[45.1276, -105.248], [48.4992, -98.8713], [45.1276, -105.248], [48.4992, -98.8713], [45.1276, -105.248], [48.4992, -98.8713], [45.1276, -105.248], [48.4992, -98.8713]]",Montana,NorthernRockiesPlains,11.026669814345897,same
61,zoom,Navigation,2016-06-15 17:23:33.067,0.7272727272727273,0.7083333333333334,2.077,0,2,2,5,0.641040375,5,3,43.532125,-108.55525,"['SouthWest', 'NorthernRockiesPlains', 'NorthernRockiesPlains', 'NorthernRockiesPlains', 'NorthWest', 'NorthernRockiesPlains', 'NorthernRockiesPlains', 'NorthernRockiesPlains']","[[41.8453, -111.92], [43.5284, -108.544], [41.8405, -108.544], [43.5318, -105.244], [43.5336, -111.918], [45.2215, -108.544], [43.5326, -108.544], [45.2233, -105.184]]",Wyoming,NorthernRockiesPlains,0.0,same
62,pan,Sensemaking,2016-06-15 17:23:35.951,0.36363636363636365,0.6923076923076923,2.884,10,2,2,5,0.0,6,3,44.37795,-106.864,"['NorthernRockiesPlains', 'NorthernRockiesPlains', 'NorthernRockiesPlains', 'NorthernRockiesPlains', 'NorthernRockiesPlains', 'NorthernRockiesPlains', 'NorthernRockiesPlains', 'NorthernRockiesPlains']","[[43.5326, -108.544], [45.2233, -105.184], [43.5326, -108.544], [45.2233, -105.184], [43.5326, -108.544], [45.2233, -105.184], [43.5326, -108.544], [45.2233, -105.184]]",Wyoming,NorthernRockiesPlains,3.9028149884275685,change
63,pan,Sensemaking,2016-06-15 17:23:36.611,0.6666666666666666,0.7142857142857143,0.66,10,2,2,5,0.0,6,3,44.37795,-106.864,"['NorthernRockiesPlains', 'NorthernRockiesPlains', 'NorthernRockiesPlains', 'NorthernRockiesPlains', 'NorthernRockiesPlains', 'NorthernRockiesPlains', 'NorthernRockiesPlains', 'NorthernRockiesPlains']","[[43.5326, -108.544], [45.2233, -105.184], [43.5326, -108.544], [45.2233, -105.184], [43.5326, -108.544], [45.2233, -105.184], [43.5326, -108.544], [45.2233, -105.184]]",Wyoming,NorthernRockiesPlains,8.56264945084596,same
64,pan,Sensemaking,2016-06-15 17:23:38.663,0.6923076923076923,0.7333333333333333,2.052,10,2,2,5,0.0,6,3,44.37795,-106.864,"['NorthernRockiesPlains', 'NorthernRockiesPlains', 'NorthernRockiesPlains', 'NorthernRockiesPlains', 'NorthernRockiesPlains', 'NorthernRockiesPlains', 'NorthernRockiesPlains', 'NorthernRockiesPlains']","[[43.5326, -108.544], [45.2233, -105.184], [43.5326, -108.544], [45.2233, -105.184], [43.5326, -108.544], [45.2233, -105.184], [43.5326, -108.544], [45.2233, -105.184]]",Wyoming,NorthernRockiesPlains,3.5165851461289397,same
65,pan,Sensemaking,2016-06-15 17:23:42.964,0.7142857142857143,0.75,4.301,10,2,2,5,0.0,6,3,44.37795,-106.864,"['NorthernRockiesPlains', 'NorthernRockiesPlains', 'NorthernRockiesPlains', 'NorthernRockiesPlains', 'NorthernRockiesPlains', 'NorthernRockiesPlains', 'NorthernRockiesPlains', 'NorthernRockiesPlains']","[[43.5326, -108.544], [45.2233, -105.184], [43.5326, -108.544], [45.2233, -105.184], [43.5326, -108.544], [45.2233, -105.184], [43.5326, -108.544], [45.2233, -105.184]]",Wyoming,NorthernRockiesPlains,357.35870224233895,same
66,zoom,Navigation,2016-06-15 17:23:46.187,0.30434782608695654,0.72,3.223,10,3,2,4,0.632255625,6,4,41.7476125,-105.22398749999999,"['SouthWest', 'NorthernRockiesPlains', 'SouthWest', 'NorthernRockiesPlains', 'SouthWest', 'NorthernRockiesPlains', 'NorthernRockiesPlains', 'NorthernRockiesPlains']","[[38.3778, -111.966], [41.744, -105.315], [38.3755, -105.001], [41.7499, -98.5189], [41.75, -111.985], [45.124, -105.26], [41.7504, -105.244], [45.1093, -98.502]]",Utah,NorthernRockiesPlains,0.0,change
67,zoom,Navigation,2016-06-15 17:23:46.754,0.7083333333333334,0.7307692307692307,0.567,10,3,2,3,0.650957125,6,4,41.8029375,-111.7233375,"['None', 'SouthWest', 'South', 'NorthernRockiesPlains', 'None', 'NorthernRockiesPlains', 'SouthWest', 'NorthernRockiesPlains']","[[35.4466, -124.124], [41.7065, -112.025], [35.0085, -111.96], [41.7484, -98.5357], [41.7759, -124.65], [48.4972, -112.005], [41.7504, -111.985], [48.49, -98.502]]",None,NorthernRockiesPlains,0.0,same
68,pan,Foraging,2016-06-15 17:23:47.852,0.13513513513513514,0.8974358974358975,1.098,10,3,2,3,0.30926699999999996,6,4,43.5228125,-93.8455875,"['South', 'UpperMidwest', 'NorthernRockiesPlains', 'NorthernRockiesPlains', 'NorthernRockiesPlains', 'NorthernRockiesPlains', 'NorthernRockiesPlains', 'NorthernRockiesPlains']","[[35.6837, -98.4657], [41.7401, -90.8979], [41.7644, -98.4982], [48.4885, -88.6355], [41.7644, -98.4982], [48.4885, -88.6355], [41.7644, -98.4982], [48.4885, -88.6355]]",Nebraska,NorthernRockiesPlains,354.3008192534469,change
69,pan,Foraging,2016-06-15 17:23:49.078,0.868421052631579,0.9,1.226,10,3,2,3,0.0,6,4,45.126450000000006,-93.56684999999999,"['NorthernRockiesPlains', 'NorthernRockiesPlains', 'NorthernRockiesPlains', 'NorthernRockiesPlains', 'NorthernRockiesPlains', 'NorthernRockiesPlains', 'NorthernRockiesPlains', 'NorthernRockiesPlains']","[[41.7644, -98.4982], [48.4885, -88.6355], [41.7644, -98.4982], [48.4885, -88.6355], [41.7644, -98.4982], [48.4885, -88.6355], [41.7644, -98.4982], [48.4885, -88.6355]]",Nebraska,NorthernRockiesPlains,355.7542962653565,same
70,zoom,Navigation,2016-06-15 17:23:50.499,0.32,0.7407407407407407,1.421,10,3,2,4,0.630823,6,4,41.8963875,-98.8942,"['SouthWest', 'NorthernRockiesPlains', 'South', 'UpperMidwest', 'NorthernRockiesPlains', 'NorthernRockiesPlains', 'NorthernRockiesPlains', 'UpperMidwest']","[[38.3755, -105.001], [41.7499, -98.5189], [39.5587, -98.4872], [41.7471, -95.1461], [41.7504, -105.244], [45.1093, -98.502], [41.7565, -98.4982], [45.1237, -91.7562]]",Nebraska,NorthernRockiesPlains,0.0,change
71,zoom,Navigation,2016-06-15 17:23:51.772,0.6923076923076923,0.75,1.273,10,3,2,5,0.606931,7,4,43.5398375,-101.92505,"['NorthernRockiesPlains', 'NorthernRockiesPlains', 'NorthernRockiesPlains', 'NorthernRockiesPlains', 'NorthernRockiesPlains', 'NorthernRockiesPlains', 'NorthernRockiesPlains', 'NorthernRockiesPlains']","[[41.841, -104.835], [43.4649, -101.781], [41.8411, -101.771], [43.5311, -98.3933], [43.6998, -105.152], [45.2228, -103.442], [43.5325, -101.632], [45.1855, -98.3941]]",South Dakota,NorthernRockiesPlains,0.0,same
72,pan,Sensemaking,2016-06-15 17:23:53.229,0.3333333333333333,0.7647058823529411,1.457,10,3,2,5,0.320920375,8,4,41.0398625,-100.5389125,"['SouthWest', 'NorthernRockiesPlains', 'NorthernRockiesPlains', 'NorthernRockiesPlains', 'NorthernRockiesPlains', 'NorthernRockiesPlains', 'NorthernRockiesPlains', 'NorthernRockiesPlains']","[[40.1513, -104.815], [41.8364, -101.884], [40.2717, -100.81], [41.8387, -98.3941], [40.2717, -100.81], [41.8387, -98.3941], [40.2717, -100.81], [41.8387, -98.3941]]",Nebraska,NorthernRockiesPlains,3.8351905583898214,change
73,pan,Sensemaking,2016-06-15 17:23:54.001,0.6875,0.7777777777777778,0.772,10,3,2,5,0.480818125,9,4,43.9493625,-97.530475,"['NorthernRockiesPlains', 'UpperMidwest', 'NorthernRockiesPlains', 'NorthernRockiesPlains', 'NorthernRockiesPlains', 'UpperMidwest', 'NorthernRockiesPlains', 'UpperMidwest']","[[41.8401, -98.3884], [43.5312, -95.0199], [43.5325, -101.632], [45.1855, -98.3941], [43.5328, -98.3916], [45.22, -95.0131], [43.5328, -98.3916], [45.22, -95.0131]]",South Dakota,NorthernRockiesPlains,354.61831349186076,same
74,pan,Sensemaking,2016-06-15 17:23:54.645,0.7058823529411765,0.7894736842105263,0.644,10,3,2,5,0.0,10,4,44.376400000000004,-96.70235,"['NorthernRockiesPlains', 'UpperMidwest', 'NorthernRockiesPlains', 'UpperMidwest', 'NorthernRockiesPlains', 'UpperMidwest', 'NorthernRockiesPlains', 'UpperMidwest']","[[43.5328, -98.3916], [45.22, -95.0131], [43.5328, -98.3916], [45.22, -95.0131], [43.5328, -98.3916], [45.22, -95.0131], [43.5328, -98.3916], [45.22, -95.0131]]",South Dakota,NorthernRockiesPlains,351.81693837358364,same
75,pan,Sensemaking,2016-06-15 17:23:55.507,0.7222222222222222,0.8,0.862,0,3,2,5,0.0,11,4,44.376400000000004,-96.70235,"['NorthernRockiesPlains', 'UpperMidwest', 'NorthernRockiesPlains', 'UpperMidwest', 'NorthernRockiesPlains', 'UpperMidwest', 'NorthernRockiesPlains', 'UpperMidwest']","[[43.5328, -98.3916], [45.22, -95.0131], [43.5328, -98.3916], [45.22, -95.0131], [43.5328, -98.3916], [45.22, -95.0131], [43.5328, -98.3916], [45.22, -95.0131]]",South Dakota,NorthernRockiesPlains,350.1344770556757,same
76,pan,Sensemaking,2016-06-15 17:23:56.186,0.7368421052631579,0.8095238095238095,0.679,0,3,2,5,0.0,11,4,44.376400000000004,-96.70235,"['NorthernRockiesPlains', 'UpperMidwest', 'NorthernRockiesPlains', 'UpperMidwest', 'NorthernRockiesPlains', 'UpperMidwest', 'NorthernRockiesPlains', 'UpperMidwest']","[[43.5328, -98.3916], [45.22, -95.0131], [43.5328, -98.3916], [45.22, -95.0131], [43.5328, -98.3916], [45.22, -95.0131], [43.5328, -98.3916], [45.22, -95.0131]]",South Dakota,NorthernRockiesPlains,354.7095007046833,same
77,pan,Sensemaking,2016-06-15 17:23:56.784,0.75,0.8181818181818182,0.598,0,3,2,5,0.0,11,4,44.376400000000004,-96.70235,"['NorthernRockiesPlains', 'UpperMidwest', 'NorthernRockiesPlains', 'UpperMidwest', 'NorthernRockiesPlains', 'UpperMidwest', 'NorthernRockiesPlains', 'UpperMidwest']","[[43.5328, -98.3916], [45.22, -95.0131], [43.5328, -98.3916], [45.22, -95.0131], [43.5328, -98.3916], [45.22, -95.0131], [43.5328, -98.3916], [45.22, -95.0131]]",South Dakota,NorthernRockiesPlains,354.0408204894172,same
78,pan,Sensemaking,2016-06-15 17:23:57.395,0.7619047619047619,0.8260869565217391,0.611,0,3,2,5,0.0,11,4,44.376400000000004,-96.70235,"['NorthernRockiesPlains', 'UpperMidwest', 'NorthernRockiesPlains', 'UpperMidwest', 'NorthernRockiesPlains', 'UpperMidwest', 'NorthernRockiesPlains', 'UpperMidwest']","[[43.5328, -98.3916], [45.22, -95.0131], [43.5328, -98.3916], [45.22, -95.0131], [43.5328, -98.3916], [45.22, -95.0131], [43.5328, -98.3916], [45.22, -95.0131]]",South Dakota,NorthernRockiesPlains,357.319167675968,same
79,zoom,Navigation,2016-06-15 17:23:58.011,0.3333333333333333,0.7586206896551724,0.616,0,3,2,4,0.63332725,11,5,45.118775,-98.5404375,"['NorthernRockiesPlains', 'NorthernRockiesPlains', 'NorthernRockiesPlains', 'UpperMidwest', 'NorthernRockiesPlains', 'NorthernRockiesPlains', 'NorthernRockiesPlains', 'NorthernRockiesPlains']","[[41.7504, -105.244], [45.1093, -98.502], [41.7565, -98.4982], [45.1237, -91.7562], [45.1276, -105.248], [48.4992, -98.8713], [45.1255, -98.4456], [48.458, -91.7582]]",South Dakota,NorthernRockiesPlains,0.0,change
80,zoom,Navigation,2016-06-15 17:23:58.490,0.6785714285714286,0.7666666666666667,0.479,0,3,2,3,0.6367393749999999,11,5,41.83425,-99.685,"['South', 'NorthernRockiesPlains', 'South', 'UpperMidwest', 'SouthWest', 'NorthernRockiesPlains', 'NorthernRockiesPlains', 'NorthernRockiesPlains']","[[35.0085, -111.96], [41.7484, -98.5357], [35.6837, -98.4657], [41.7401, -90.8979], [41.7504, -111.985], [48.49, -98.502], [41.7644, -98.4982], [48.4885, -88.6355]]",Nebraska,NorthernRockiesPlains,0.0,same
81,pan,Foraging,2016-06-15 17:23:59.198,0.15384615384615385,0.9024390243902439,0.708,0,3,2,3,0.308401875,11,5,50.55907499999999,-96.5408125,"['NorthernRockiesPlains', 'NorthernRockiesPlains', 'NorthernRockiesPlains', 'NorthernRockiesPlains', 'NorthernRockiesPlains', 'NorthernRockiesPlains', 'NorthernRockiesPlains', 'NorthernRockiesPlains']","[[48.5, -111.989], [52.9963, -98.5314], [48.5025, -98.4653], [52.4896, -88.8034], [48.5025, -98.4653], [52.4896, -88.8034], [48.5025, -98.4653], [52.4896, -88.8034]]",North Dakota,NorthernRockiesPlains,348.3107180489679,change
82,pan,Foraging,2016-06-15 17:23:59.766,0.85,0.9047619047619048,0.568,0,3,2,3,0.0,11,5,50.49605,-93.63435,"['NorthernRockiesPlains', 'NorthernRockiesPlains', 'NorthernRockiesPlains', 'NorthernRockiesPlains', 'NorthernRockiesPlains', 'NorthernRockiesPlains', 'NorthernRockiesPlains', 'NorthernRockiesPlains']","[[48.5025, -98.4653], [52.4896, -88.8034], [48.5025, -98.4653], [52.4896, -88.8034], [48.5025, -98.4653], [52.4896, -88.8034], [48.5025, -98.4653], [52.4896, -88.8034]]",North Dakota,NorthernRockiesPlains,352.3845811775419,same
83,pan,Foraging,2016-06-15 17:24:00.665,0.8536585365853658,0.9069767441860465,0.899,0,3,2,3,0.0,11,5,50.49605,-93.63435,"['NorthernRockiesPlains', 'NorthernRockiesPlains', 'NorthernRockiesPlains', 'NorthernRockiesPlains', 'NorthernRockiesPlains', 'NorthernRockiesPlains', 'NorthernRockiesPlains', 'NorthernRockiesPlains']","[[48.5025, -98.4653], [52.4896, -88.8034], [48.5025, -98.4653], [52.4896, -88.8034], [48.5025, -98.4653], [52.4896, -88.8034], [48.5025, -98.4653], [52.4896, -88.8034]]",North Dakota,NorthernRockiesPlains,352.33088765333946,same
84,zoom,Navigation,2016-06-15 17:24:01.517,0.3448275862068966,0.7741935483870968,0.852,0,3,2,4,0.619396625,11,5,48.494,-98.5404125,"['NorthernRockiesPlains', 'NorthernRockiesPlains', 'NorthernRockiesPlains', 'NorthernRockiesPlains', 'NorthernRockiesPlains', 'NorthernRockiesPlains', 'NorthernRockiesPlains', 'NorthernRockiesPlains']","[[45.1276, -105.248], [48.4992, -98.8713], [45.1255, -98.4456], [48.458, -91.7582], [48.5, -105.248], [51.8672, -98.5139], [48.5025, -98.4831], [51.872, -91.7552]]",Montana,NorthernRockiesPlains,0.0,change
85,pan,Navigation,2016-06-15 17:24:03.029,0.6666666666666666,0.1875,1.512,0,3,2,4,0.0,11,5,50.18725,-95.11914999999999,"['NorthernRockiesPlains', 'NorthernRockiesPlains', 'NorthernRockiesPlains', 'NorthernRockiesPlains', 'NorthernRockiesPlains', 'NorthernRockiesPlains', 'NorthernRockiesPlains', 'NorthernRockiesPlains']","[[48.5025, -98.4831], [51.872, -91.7552], [48.5025, -98.4831], [51.872, -91.7552], [48.5025, -98.4831], [51.872, -91.7552], [48.5025, -98.4831], [51.872, -91.7552]]",North Dakota,NorthernRockiesPlains,7.6077819313129105,same
86,zoom,Navigation,2016-06-15 17:24:03.746,0.6774193548387096,0.7575757575757576,0.717,0,3,2,5,0.6397081250000001,12,5,48.5971125,-101.7785875,"['NorthernRockiesPlains', 'NorthernRockiesPlains', 'NorthernRockiesPlains', 'NorthernRockiesPlains', 'NorthernRockiesPlains', 'Other', 'NorthernRockiesPlains', 'NorthernRockiesPlains']","[[47.018, -105.154], [48.6036, -101.777], [46.9173, -101.775], [48.6054, -98.4245], [48.6097, -105.153], [50.2985, -101.777], [48.6086, -101.774], [50.1158, -98.3942]]",North Dakota,NorthernRockiesPlains,0.0,same
87,pan,Sensemaking,2016-06-15 17:24:04.668,0.2727272727272727,0.8333333333333334,0.922,0,3,2,5,0.0,13,5,49.3622,-100.0841,"['NorthernRockiesPlains', 'NorthernRockiesPlains', 'NorthernRockiesPlains', 'NorthernRockiesPlains', 'NorthernRockiesPlains', 'NorthernRockiesPlains', 'NorthernRockiesPlains', 'NorthernRockiesPlains']","[[48.6086, -101.774], [50.1158, -98.3942], [48.6086, -101.774], [50.1158, -98.3942], [48.6086, -101.774], [50.1158, -98.3942], [48.6086, -101.774], [50.1158, -98.3942]]",North Dakota,NorthernRockiesPlains,5.324368528510301,change
88,pan,Sensemaking,2016-06-15 17:24:05.597,0.7391304347826086,0.84,0.929,0,3,2,5,0.0,14,5,49.3622,-100.0841,"['NorthernRockiesPlains', 'NorthernRockiesPlains', 'NorthernRockiesPlains', 'NorthernRockiesPlains', 'NorthernRockiesPlains', 'NorthernRockiesPlains', 'NorthernRockiesPlains', 'NorthernRockiesPlains']","[[48.6086, -101.774], [50.1158, -98.3942], [48.6086, -101.774], [50.1158, -98.3942], [48.6086, -101.774], [50.1158, -98.3942], [48.6086, -101.774], [50.1158, -98.3942]]",North Dakota,NorthernRockiesPlains,7.432053787434955,same
89,pan,Sensemaking,2016-06-15 17:24:06.234,0.75,0.8461538461538461,0.637,0,3,2,5,0.0,15,5,49.3622,-100.0841,"['NorthernRockiesPlains', 'NorthernRockiesPlains', 'NorthernRockiesPlains', 'NorthernRockiesPlains', 'NorthernRockiesPlains', 'NorthernRockiesPlains', 'NorthernRockiesPlains', 'NorthernRockiesPlains']","[[48.6086, -101.774], [50.1158, -98.3942], [48.6086, -101.774], [50.1158, -98.3942], [48.6086, -101.774], [50.1158, -98.3942], [48.6086, -101.774], [50.1158, -98.3942]]",North Dakota,NorthernRockiesPlains,352.30461370022925,same
90,pan,Sensemaking,2016-06-15 17:24:06.904,0.76,0.8518518518518519,0.67,0,3,2,5,0.141560625,16,5,37.0956,-72.5808,"['None', 'NorthernRockiesPlains', 'NorthernRockiesPlains', 'NorthernRockiesPlains', 'NorthernRockiesPlains', 'NorthernRockiesPlains', 'NorthernRockiesPlains']","[[49.05, -98.3871], [49.8716, -95.1617], [49.05, -98.3871], [49.8716, -95.1617], [49.05, -98.3871], [49.8716, -95.1617]]",Manitoba,NorthernRockiesPlains,345.7957895014003,same
91,pan,Sensemaking,2016-06-15 17:24:07.813,0.7692307692307693,0.8571428571428571,0.909,0,3,2,5,0.0,17,5,49.4608,-96.7744,"['NorthernRockiesPlains', 'NorthernRockiesPlains', 'NorthernRockiesPlains', 'NorthernRockiesPlains', 'NorthernRockiesPlains', 'NorthernRockiesPlains', 'NorthernRockiesPlains', 'NorthernRockiesPlains']","[[49.05, -98.3871], [49.8716, -95.1617], [49.05, -98.3871], [49.8716, -95.1617], [49.05, -98.3871], [49.8716, -95.1617], [49.05, -98.3871], [49.8716, -95.1617]]",Manitoba,NorthernRockiesPlains,352.49445289327514,same
92,pan,Sensemaking,2016-06-15 17:24:08.474,0.7777777777777778,0.8620689655172413,0.661,0,3,2,5,0.319116375,18,5,25.138525,-51.765375000000006,"['NorthernRockiesPlains', 'Other', 'Other', 'Other', 'None', 'None']","[[48.6097, -105.153], [50.2985, -101.777], [50.3008, -105.159], [51.8992, -102.034]]",Saskatchewan,Other,3.901298958712846,same
93,pan,Sensemaking,2016-06-15 17:24:09.215,0.7857142857142857,0.8666666666666667,0.741,0,3,2,5,0.314402,19,5,47.7737125,-100.9411875,"['NorthernRockiesPlains', 'NorthernRockiesPlains', 'NorthernRockiesPlains', 'NorthernRockiesPlains', 'NorthernRockiesPlains', 'NorthernRockiesPlains', 'NorthernRockiesPlains', 'NorthernRockiesPlains']","[[47.018, -105.154], [48.6036, -101.777], [46.9173, -101.775], [48.6054, -98.4245], [46.9173, -101.775], [48.6054, -98.4245], [46.9173, -101.775], [48.6054, -98.4245]]",North Dakota,NorthernRockiesPlains,12.925581215890134,same
94,pan,Sensemaking,2016-06-15 17:24:09.720,0.7931034482758621,0.8709677419354839,0.505,0,3,2,5,0.15651175,20,5,12.775,-25.899125,"['Other', 'Other', 'None', 'None', 'None']","[[50.3008, -105.159], [51.8992, -102.034]]",None,None,353.93345908984105,same
95,pan,Sensemaking,2016-06-15 17:24:10.416,0.8,0.875,0.696,0,3,2,5,0.29729525,21,5,50.724712499999995,-106.849,"['NorthernRockiesPlains', 'Other', 'Other', 'Other', 'Other', 'Other', 'Other', 'Other']","[[48.6087, -108.543], [50.2986, -105.173], [50.3052, -108.531], [51.9916, -105.161], [50.3052, -108.531], [51.9916, -105.161], [50.3052, -108.531], [51.9916, -105.161]]",Saskatchewan,Other,357.7647685598443,same
96,pan,Sensemaking,2016-06-15 17:24:11.130,0.8064516129032258,0.8787878787878788,0.714,0,3,2,5,0.0,22,5,51.148399999999995,-106.846,"['Other', 'Other', 'Other', 'Other', 'Other', 'Other', 'Other', 'Other']","[[50.3052, -108.531], [51.9916, -105.161], [50.3052, -108.531], [51.9916, -105.161], [50.3052, -108.531], [51.9916, -105.161], [50.3052, -108.531], [51.9916, -105.161]]",Saskatchewan,Other,355.18485558490937,same
97,pan,Sensemaking,2016-06-15 17:24:11.754,0.8125,0.8823529411764706,0.624,0,3,2,5,0.133705875,23,5,13.00375,-26.6875,"['Other', 'Other', 'None', 'None', 'None']","[[51.9935, -107.029], [52.0365, -106.471]]",None,None,358.4851338389179,same
98,pan,Sensemaking,2016-06-15 17:24:12.511,0.8181818181818182,0.8857142857142857,0.757,0,3,2,5,0.30678625,24,5,49.4539875,-104.31325000000001,"['NorthernRockiesPlains', 'Other', 'NorthernRockiesPlains', 'Other', 'NorthernRockiesPlains', 'Other', 'NorthernRockiesPlains', 'Other']","[[48.6087, -108.543], [50.2986, -105.173], [48.6097, -105.153], [50.2985, -101.777], [48.6097, -105.153], [50.2985, -101.777], [48.6097, -105.153], [50.2985, -101.777]]",Montana,NorthernRockiesPlains,11.086535133619305,same
99,pan,Sensemaking,2016-06-15 17:24:13.084,0.8235294117647058,0.8888888888888888,0.573,0,3,2,5,0.0,25,5,49.4541,-103.465,"['NorthernRockiesPlains', 'Other', 'NorthernRockiesPlains', 'Other', 'NorthernRockiesPlains', 'Other', 'NorthernRockiesPlains', 'Other']","[[48.6097, -105.153], [50.2985, -101.777], [48.6097, -105.153], [50.2985, -101.777], [48.6097, -105.153], [50.2985, -101.777], [48.6097, -105.153], [50.2985, -101.777]]",Montana,NorthernRockiesPlains,11.231042825722664,same
100,pan,Sensemaking,2016-06-15 17:24:13.609,0.8285714285714286,0.8918918918918919,0.525,0,3,2,5,0.0,26,5,49.4541,-103.465,"['NorthernRockiesPlains', 'Other', 'NorthernRockiesPlains', 'Other', 'NorthernRockiesPlains', 'Other', 'NorthernRockiesPlains', 'Other']","[[48.6097, -105.153], [50.2985, -101.777], [48.6097, -105.153], [50.2985, -101.777], [48.6097, -105.153], [50.2985, -101.777], [48.6097, -105.153], [50.2985, -101.777]]",Montana,NorthernRockiesPlains,7.950904428095666,same
101,pan,Sensemaking,2016-06-15 17:24:14.095,0.8333333333333334,0.8947368421052632,0.486,0,3,2,5,0.4771035,27,5,48.5741375,-100.9333625,"['NorthernRockiesPlains', 'NorthernRockiesPlains', 'NorthernRockiesPlains', 'NorthernRockiesPlains', 'NorthernRockiesPlains', 'NorthernRockiesPlains', 'NorthernRockiesPlains', 'NorthernRockiesPlains']","[[47.018, -105.154], [48.6036, -101.777], [46.9173, -101.775], [48.6054, -98.4245], [48.6086, -101.774], [50.1158, -98.3942], [48.6086, -101.774], [50.1158, -98.3942]]",North Dakota,NorthernRockiesPlains,13.187698763701361,same
102,pan,Sensemaking,2016-06-15 17:24:14.626,0.8378378378378378,0.8974358974358975,0.531,0,3,2,5,0.0,28,5,49.3622,-100.0841,"['NorthernRockiesPlains', 'NorthernRockiesPlains', 'NorthernRockiesPlains', 'NorthernRockiesPlains', 'NorthernRockiesPlains', 'NorthernRockiesPlains', 'NorthernRockiesPlains', 'NorthernRockiesPlains']","[[48.6086, -101.774], [50.1158, -98.3942], [48.6086, -101.774], [50.1158, -98.3942], [48.6086, -101.774], [50.1158, -98.3942], [48.6086, -101.774], [50.1158, -98.3942]]",North Dakota,NorthernRockiesPlains,9.023167363880559,same
103,pan,Sensemaking,2016-06-15 17:24:15.048,0.8421052631578947,0.9,0.422,0,3,2,5,0.0,29,5,49.3622,-100.0841,"['NorthernRockiesPlains', 'NorthernRockiesPlains', 'NorthernRockiesPlains', 'NorthernRockiesPlains', 'NorthernRockiesPlains', 'NorthernRockiesPlains', 'NorthernRockiesPlains', 'NorthernRockiesPlains']","[[48.6086, -101.774], [50.1158, -98.3942], [48.6086, -101.774], [50.1158, -98.3942], [48.6086, -101.774], [50.1158, -98.3942], [48.6086, -101.774], [50.1158, -98.3942]]",North Dakota,NorthernRockiesPlains,6.2834685750391355,same
104,pan,Sensemaking,2016-06-15 17:24:15.533,0.8461538461538461,0.9024390243902439,0.485,0,3,2,5,0.278537375,30,5,46.3130625,-100.8882375,"['NorthernRockiesPlains', 'NorthernRockiesPlains', 'NorthernRockiesPlains', 'NorthernRockiesPlains', 'NorthernRockiesPlains', 'NorthernRockiesPlains', 'NorthernRockiesPlains', 'NorthernRockiesPlains']","[[45.2275, -105.159], [46.8152, -104.043], [45.9054, -100.353], [46.9152, -98.9483], [45.9054, -100.353], [46.9152, -98.9483], [45.9054, -100.353], [46.9152, -98.9483]]",North Dakota,NorthernRockiesPlains,11.177192804096686,same
105,pan,Sensemaking,2016-06-15 17:24:15.935,0.85,0.9047619047619048,0.402,0,3,2,5,0.0,31,5,46.4103,-99.65065,"['NorthernRockiesPlains', 'NorthernRockiesPlains', 'NorthernRockiesPlains', 'NorthernRockiesPlains', 'NorthernRockiesPlains', 'NorthernRockiesPlains', 'NorthernRockiesPlains', 'NorthernRockiesPlains']","[[45.9054, -100.353], [46.9152, -98.9483], [45.9054, -100.353], [46.9152, -98.9483], [45.9054, -100.353], [46.9152, -98.9483], [45.9054, -100.353], [46.9152, -98.9483]]",South Dakota,NorthernRockiesPlains,8.74848524571295,same
106,pan,Sensemaking,2016-06-15 17:24:16.376,0.8536585365853658,0.9069767441860465,0.441,0,3,2,5,0.2903015,32,5,44.384575,-101.0840375,"['NorthernRockiesPlains', 'NorthernRockiesPlains', 'NorthernRockiesPlains', 'NorthernRockiesPlains', 'NorthernRockiesPlains', 'NorthernRockiesPlains', 'NorthernRockiesPlains', 'NorthernRockiesPlains']","[[43.6998, -105.152], [45.2228, -103.442], [43.5325, -101.632], [45.1855, -98.3941], [43.5325, -101.632], [45.1855, -98.3941], [43.5325, -101.632], [45.1855, -98.3941]]",South Dakota,NorthernRockiesPlains,6.941501195198631,same
107,pan,Sensemaking,2016-06-15 17:24:16.899,0.8571428571428571,0.9090909090909091,0.523,0,3,2,5,0.0,33,5,44.358999999999995,-100.01304999999999,"['NorthernRockiesPlains', 'NorthernRockiesPlains', 'NorthernRockiesPlains', 'NorthernRockiesPlains', 'NorthernRockiesPlains', 'NorthernRockiesPlains', 'NorthernRockiesPlains', 'NorthernRockiesPlains']","[[43.5325, -101.632], [45.1855, -98.3941], [43.5325, -101.632], [45.1855, -98.3941], [43.5325, -101.632], [45.1855, -98.3941], [43.5325, -101.632], [45.1855, -98.3941]]",South Dakota,NorthernRockiesPlains,11.301320411501194,same
108,pan,Sensemaking,2016-06-15 17:24:17.342,0.8604651162790697,0.9111111111111111,0.443,0,3,2,5,0.312424625,34,5,45.5463625,-96.8885375,"['NorthernRockiesPlains', 'UpperMidwest', 'NorthernRockiesPlains', 'UpperMidwest', 'NorthernRockiesPlains', 'UpperMidwest', 'NorthernRockiesPlains', 'UpperMidwest']","[[43.5328, -98.3916], [45.22, -95.0131], [45.2288, -98.3406], [46.6439, -95.5606], [45.2288, -98.3406], [46.6439, -95.5606], [45.2288, -98.3406], [46.6439, -95.5606]]",South Dakota,NorthernRockiesPlains,9.400870286296449,same
109,pan,Sensemaking,2016-06-15 17:24:17.846,0.8636363636363636,0.9130434782608695,0.504,0,3,2,5,0.322394125,35,5,42.685762499999996,-97.54865,"['NorthernRockiesPlains', 'NorthernRockiesPlains', 'NorthernRockiesPlains', 'UpperMidwest', 'NorthernRockiesPlains', 'UpperMidwest', 'NorthernRockiesPlains', 'UpperMidwest']","[[41.8411, -101.771], [43.5311, -98.3933], [41.8401, -98.3884], [43.5312, -95.0199], [41.8401, -98.3884], [43.5312, -95.0199], [41.8401, -98.3884], [43.5312, -95.0199]]",Nebraska,NorthernRockiesPlains,12.621236442863744,same
110,pan,Sensemaking,2016-06-15 17:24:18.700,0.8666666666666667,0.9148936170212766,0.854,0,3,2,5,0.0,36,5,42.685649999999995,-96.70415,"['NorthernRockiesPlains', 'UpperMidwest', 'NorthernRockiesPlains', 'UpperMidwest', 'NorthernRockiesPlains', 'UpperMidwest', 'NorthernRockiesPlains', 'UpperMidwest']","[[41.8401, -98.3884], [43.5312, -95.0199], [41.8401, -98.3884], [43.5312, -95.0199], [41.8401, -98.3884], [43.5312, -95.0199], [41.8401, -98.3884], [43.5312, -95.0199]]",Nebraska,NorthernRockiesPlains,6.7319322486184,same
111,pan,Sensemaking,2016-06-15 17:24:19.181,0.8695652173913043,0.9166666666666666,0.481,0,3,2,5,0.2860135,37,5,44.009212500000004,-104.04974999999999,"['NorthernRockiesPlains', 'NorthernRockiesPlains', 'NorthernRockiesPlains', 'NorthernRockiesPlains', 'NorthernRockiesPlains', 'NorthernRockiesPlains', 'NorthernRockiesPlains', 'NorthernRockiesPlains']","[[41.841, -104.835], [43.4649, -101.781], [43.6998, -105.152], [45.2228, -103.442], [43.6998, -105.152], [45.2228, -103.442], [43.6998, -105.152], [45.2228, -103.442]]",Wyoming,NorthernRockiesPlains,14.093259513923156,same
112,pan,Sensemaking,2016-06-15 17:24:20.524,0.8723404255319149,0.9183673469387755,1.343,0,3,2,5,0.320920375,38,5,41.0398625,-100.5389125,"['SouthWest', 'NorthernRockiesPlains', 'NorthernRockiesPlains', 'NorthernRockiesPlains', 'NorthernRockiesPlains', 'NorthernRockiesPlains', 'NorthernRockiesPlains', 'NorthernRockiesPlains']","[[40.1513, -104.815], [41.8364, -101.884], [40.2717, -100.81], [41.8387, -98.3941], [40.2717, -100.81], [41.8387, -98.3941], [40.2717, -100.81], [41.8387, -98.3941]]",Nebraska,NorthernRockiesPlains,15.579534912856454,same
113,pan,Sensemaking,2016-06-15 17:24:21.215,0.875,0.92,0.691,0,3,2,5,0.0,39,5,41.0552,-99.60204999999999,"['NorthernRockiesPlains', 'NorthernRockiesPlains', 'NorthernRockiesPlains', 'NorthernRockiesPlains', 'NorthernRockiesPlains', 'NorthernRockiesPlains', 'NorthernRockiesPlains', 'NorthernRockiesPlains']","[[40.2717, -100.81], [41.8387, -98.3941], [40.2717, -100.81], [41.8387, -98.3941], [40.2717, -100.81], [41.8387, -98.3941], [40.2717, -100.81], [41.8387, -98.3941]]",Nebraska,NorthernRockiesPlains,13.231198286519449,same
114,pan,Sensemaking,2016-06-15 17:24:21.679,0.8775510204081632,0.9215686274509803,0.464,0,3,2,5,0.0,40,5,41.0552,-99.60204999999999,"['NorthernRockiesPlains', 'NorthernRockiesPlains', 'NorthernRockiesPlains', 'NorthernRockiesPlains', 'NorthernRockiesPlains', 'NorthernRockiesPlains', 'NorthernRockiesPlains', 'NorthernRockiesPlains']","[[40.2717, -100.81], [41.8387, -98.3941], [40.2717, -100.81], [41.8387, -98.3941], [40.2717, -100.81], [41.8387, -98.3941], [40.2717, -100.81], [41.8387, -98.3941]]",Nebraska,NorthernRockiesPlains,12.193707942638166,same
115,pan,Sensemaking,2016-06-15 17:24:22.493,0.88,0.9230769230769231,0.814,0,3,2,5,0.454377125,41,5,43.996674999999996,-105.588,"['NorthernRockiesPlains', 'NorthernRockiesPlains', 'NorthernRockiesPlains', 'NorthernRockiesPlains', 'NorthernRockiesPlains', 'NorthernRockiesPlains', 'NorthernRockiesPlains', 'NorthernRockiesPlains']","[[41.8405, -108.544], [43.5318, -105.244], [43.5326, -108.544], [45.2233, -105.184], [43.6998, -105.152], [45.2228, -103.442], [43.6998, -105.152], [45.2228, -103.442]]",Wyoming,NorthernRockiesPlains,8.516345852358413,same
116,pan,Sensemaking,2016-06-15 17:24:23.047,0.8823529411764706,0.9245283018867925,0.554,0,3,2,5,0.0,41,5,44.4613,-104.297,"['NorthernRockiesPlains', 'NorthernRockiesPlains', 'NorthernRockiesPlains', 'NorthernRockiesPlains', 'NorthernRockiesPlains', 'NorthernRockiesPlains', 'NorthernRockiesPlains', 'NorthernRockiesPlains']","[[43.6998, -105.152], [45.2228, -103.442], [43.6998, -105.152], [45.2228, -103.442], [43.6998, -105.152], [45.2228, -103.442], [43.6998, -105.152], [45.2228, -103.442]]",Wyoming,NorthernRockiesPlains,9.289349062052171,same
117,pan,Sensemaking,2016-06-15 17:24:23.464,0.8846153846153846,0.9259259259259259,0.417,0,3,2,5,0.0,41,5,44.4613,-104.297,"['NorthernRockiesPlains', 'NorthernRockiesPlains', 'NorthernRockiesPlains', 'NorthernRockiesPlains', 'NorthernRockiesPlains', 'NorthernRockiesPlains', 'NorthernRockiesPlains', 'NorthernRockiesPlains']","[[43.6998, -105.152], [45.2228, -103.442], [43.6998, -105.152], [45.2228, -103.442], [43.6998, -105.152], [45.2228, -103.442], [43.6998, -105.152], [45.2228, -103.442]]",Wyoming,NorthernRockiesPlains,9.341786508106347,same
118,pan,Sensemaking,2016-06-15 17:24:25.494,0.8867924528301887,0.9272727272727272,2.03,0,3,2,5,0.307009125,41,5,40.99357499999999,-104.15462500000001,"['SouthWest', 'NorthernRockiesPlains', 'SouthWest', 'NorthernRockiesPlains', 'SouthWest', 'NorthernRockiesPlains', 'SouthWest', 'NorthernRockiesPlains']","[[40.149, -107.831], [41.8365, -105.309], [40.1513, -104.815], [41.8364, -101.884], [40.1513, -104.815], [41.8364, -101.884], [40.1513, -104.815], [41.8364, -101.884]]",Colorado,SouthWest,6.223653849774782,same
119,zoom,Navigation,2016-06-15 17:24:26.227,0.34375,0.7647058823529411,0.733,0,3,2,4,0.632255625,41,6,41.7476125,-105.22398749999999,"['SouthWest', 'NorthernRockiesPlains', 'SouthWest', 'NorthernRockiesPlains', 'SouthWest', 'NorthernRockiesPlains', 'NorthernRockiesPlains', 'NorthernRockiesPlains']","[[38.3778, -111.966], [41.744, -105.315], [38.3755, -105.001], [41.7499, -98.5189], [41.75, -111.985], [45.124, -105.26], [41.7504, -105.244], [45.1093, -98.502]]",Utah,NorthernRockiesPlains,0.0,change
120,zoom,Navigation,2016-06-15 17:24:26.594,0.6666666666666666,0.7714285714285715,0.367,0,3,2,3,0.650957125,41,6,41.8029375,-111.7233375,"['None', 'SouthWest', 'South', 'NorthernRockiesPlains', 'None', 'NorthernRockiesPlains', 'SouthWest', 'NorthernRockiesPlains']","[[35.4466, -124.124], [41.7065, -112.025], [35.0085, -111.96], [41.7484, -98.5357], [41.7759, -124.65], [48.4972, -112.005], [41.7504, -111.985], [48.49, -98.502]]",None,NorthernRockiesPlains,0.0,same
121,zoom,Navigation,2016-06-15 17:24:27.170,0.6764705882352942,0.7777777777777778,0.576,0,3,2,2,0.651013625,41,6,42.36835000000001,-113.94953749999999,"['None', 'West', 'None', 'UpperMidwest', 'None', 'Other', 'West', 'NorthernRockiesPlains']","[[35.4656, -124.134], [41.6637, -116.597], [30.5427, -116.467], [41.7484, -95.2126], [41.7792, -132.156], [52.9917, -116.51], [41.761, -116.496], [52.9945, -94.0237]]",None,None,0.0,same
122,pan,Foraging,2016-06-15 17:24:28.016,0.16666666666666666,0.9090909090909091,0.846,0,3,2,2,0.0,41,6,47.377750000000006,-105.25985,"['West', 'NorthernRockiesPlains', 'West', 'NorthernRockiesPlains', 'West', 'NorthernRockiesPlains', 'West', 'NorthernRockiesPlains']","[[41.761, -116.496], [52.9945, -94.0237], [41.761, -116.496], [52.9945, -94.0237], [41.761, -116.496], [52.9945, -94.0237], [41.761, -116.496], [52.9945, -94.0237]]",Nevada,West,11.436746518008697,change
123,pan,Foraging,2016-06-15 17:24:28.924,0.8372093023255814,0.9111111111111111,0.908,0,3,2,2,0.0,41,6,47.377750000000006,-105.25985,"['West', 'NorthernRockiesPlains', 'West', 'NorthernRockiesPlains', 'West', 'NorthernRockiesPlains', 'West', 'NorthernRockiesPlains']","[[41.761, -116.496], [52.9945, -94.0237], [41.761, -116.496], [52.9945, -94.0237], [41.761, -116.496], [52.9945, -94.0237], [41.761, -116.496], [52.9945, -94.0237]]",Nevada,West,0.6045217060286331,same
124,zoom,Navigation,2016-06-15 17:24:29.611,0.34285714285714286,0.7837837837837838,0.687,0,3,2,3,0.650957125,41,6,41.8029375,-111.7233375,"['None', 'SouthWest', 'South', 'NorthernRockiesPlains', 'None', 'NorthernRockiesPlains', 'SouthWest', 'NorthernRockiesPlains']","[[35.4466, -124.124], [41.7065, -112.025], [35.0085, -111.96], [41.7484, -98.5357], [41.7759, -124.65], [48.4972, -112.005], [41.7504, -111.985], [48.49, -98.502]]",None,NorthernRockiesPlains,0.0,change
125,zoom,Navigation,2016-06-15 17:24:30.066,0.6666666666666666,0.7894736842105263,0.455,0,3,2,4,0.6228665,41,6,38.5418625,-105.7333625,"['South', 'SouthWest', 'SouthWest', 'SouthWest', 'SouthWest', 'NorthernRockiesPlains', 'SouthWest', 'NorthernRockiesPlains']","[[35.0085, -111.688], [38.3697, -105.273], [36.3394, -105.219], [38.3701, -102.886], [38.3778, -111.966], [41.744, -105.315], [38.3755, -105.001], [41.7499, -98.5189]]",Colorado,SouthWest,0.0,same
126,pan,Navigation,2016-06-15 17:24:32.201,0.6756756756756757,0.1794871794871795,2.135,0,3,2,4,0.0,41,6,40.0627,-101.75995,"['SouthWest', 'NorthernRockiesPlains', 'SouthWest', 'NorthernRockiesPlains', 'SouthWest', 'NorthernRockiesPlains', 'SouthWest', 'NorthernRockiesPlains']","[[38.3755, -105.001], [41.7499, -98.5189], [38.3755, -105.001], [41.7499, -98.5189], [38.3755, -105.001], [41.7499, -98.5189], [38.3755, -105.001], [41.7499, -98.5189]]",Colorado,SouthWest,11.899170997031915,same
127,zoom,Navigation,2016-06-15 17:24:33.218,0.6842105263157895,0.775,1.017,10,3,2,5,0.593418875,41,6,36.9217375,-105.38175,"['SouthWest', 'SouthWest', 'SouthWest', 'SouthWest', 'SouthWest', 'SouthWest', 'SouthWest', 'SouthWest']","[[35.0915, -108.506], [36.7026, -105.219], [36.3722, -104.193], [36.7624, -103.596], [36.7737, -108.278], [38.4542, -105.472], [36.768, -104.905], [38.4493, -102.885]]",New Mexico,SouthWest,0.0,same
128,pan,Sensemaking,2016-06-15 17:24:35.376,0.12962962962962962,0.9285714285714286,2.158,10,3,2,5,0.0,41,6,37.60865,-103.89500000000001,"['SouthWest', 'SouthWest', 'SouthWest', 'SouthWest', 'SouthWest', 'SouthWest', 'SouthWest', 'SouthWest']","[[36.768, -104.905], [38.4493, -102.885], [36.768, -104.905], [38.4493, -102.885], [36.768, -104.905], [38.4493, -102.885], [36.768, -104.905], [38.4493, -102.885]]",New Mexico,SouthWest,344.0123777224926,change
129,pan,Sensemaking,2016-06-15 17:24:41.544,0.8727272727272727,0.9298245614035088,6.168,10,3,2,5,0.0,41,6,37.60865,-103.89500000000001,"['SouthWest', 'SouthWest', 'SouthWest', 'SouthWest', 'SouthWest', 'SouthWest', 'SouthWest', 'SouthWest']","[[36.768, -104.905], [38.4493, -102.885], [36.768, -104.905], [38.4493, -102.885], [36.768, -104.905], [38.4493, -102.885], [36.768, -104.905], [38.4493, -102.885]]",New Mexico,SouthWest,358.30266791717594,same
