UserIndex,Action,State,TimeStamp,HighLevelStateActionProbab,StateActionProbab,IdleTime,Reward,Subtask_Screenshot_Time,Subtask_Idle_Time,ZoomLevel,NDSI,Subtask_Zoom,Subtask_ROI,Latitude,Longitude,All_address,All_raw_address,Most_frequent_state,Most_frequent_region,Angle,high-level-action
0,start,Foraging,2016-06-14 17:41:09.082,0.6666666666666666,0.4,0.0,0,1,1,0,0.169186,1,1,34.103049999999996,-98.6128,"['None', 'Other', 'None', 'Other', 'None', 'Other', 'None', 'Other']","[[15.2153, -132.053], [52.9908, -65.1726], [15.2153, -132.053], [52.9908, -65.1726], [15.2153, -132.053], [52.9908, -65.1726], [15.2153, -132.053], [52.9908, -65.1726]]",None,None,0.0,change
1,pan,Foraging,2016-06-14 17:41:56.704,0.5,0.3333333333333333,47.622,0,1,1,0,0.0,1,1,34.103049999999996,-98.6128,"['None', 'Other', 'None', 'Other', 'None', 'Other', 'None', 'Other']","[[15.2153, -132.053], [52.9908, -65.1726], [15.2153, -132.053], [52.9908, -65.1726], [15.2153, -132.053], [52.9908, -65.1726], [15.2153, -132.053], [52.9908, -65.1726]]",None,None,346.81499436725727,same
2,zoom,Navigation,2016-06-14 17:41:59.408,0.6666666666666666,0.4,2.704,0,1,1,1,0.32996662499999996,1,1,41.767250000000004,-87.9112125,"['None', 'NorthernRockiesPlains', 'South', 'Other', 'South', 'Other', 'South', 'Other']","[[30.5427, -132.053], [52.9945, -94.0237], [30.5342, -93.9559], [52.9994, -65.1151], [30.5342, -93.9559], [52.9994, -65.1151], [30.5342, -93.9559], [52.9994, -65.1151]]",Texas,South,0.0,change
3,zoom,Navigation,2016-06-14 17:41:59.601,0.5,0.5,0.193,0,1,1,2,0.618309125,1,1,41.7611625,-93.7680375,"['None', 'UpperMidwest', 'South', 'Northeast', 'West', 'NorthernRockiesPlains', 'UpperMidwest', 'Northeast']","[[30.5427, -116.467], [41.7484, -95.2126], [30.5342, -90.8979], [41.7187, -71.5601], [41.761, -116.496], [52.9945, -94.0237], [41.7904, -93.9831], [52.9994, -71.5039]]",Iowa,UpperMidwest,0.0,same
4,zoom,Navigation,2016-06-14 17:41:59.767,0.6,0.5714285714285714,0.166,0,1,1,3,0.6344531250000001,1,1,47.8727125,-99.42622499999999,"['SouthWest', 'NorthernRockiesPlains', 'NorthernRockiesPlains', 'NorthernRockiesPlains', 'NorthernRockiesPlains', 'NorthernRockiesPlains', 'NorthernRockiesPlains', 'NorthernRockiesPlains']","[[41.7504, -111.985], [48.49, -98.502], [41.7644, -98.4982], [48.4885, -88.6355], [48.5, -111.989], [52.9963, -98.5314], [48.5025, -98.4653], [52.4896, -88.8034]]",North Dakota,NorthernRockiesPlains,0.0,same
5,zoom,Navigation,2016-06-14 17:41:59.959,0.6666666666666666,0.625,0.192,0,1,1,4,0.6345691250000001,1,1,45.122037500000005,-105.2935375,"['SouthWest', 'NorthernRockiesPlains', 'NorthernRockiesPlains', 'NorthernRockiesPlains', 'NorthernRockiesPlains', 'NorthernRockiesPlains', 'NorthernRockiesPlains', 'NorthernRockiesPlains']","[[41.75, -111.985], [45.124, -105.26], [41.7504, -105.244], [45.1093, -98.502], [45.1258, -111.985], [48.49, -105.253], [45.1276, -105.248], [48.4992, -98.8713]]",Montana,NorthernRockiesPlains,0.0,same
6,zoom,Navigation,2016-06-14 17:42:00.568,0.7142857142857143,0.6666666666666666,0.609,0,1,1,5,0.57113375,2,1,45.232662499999996,-105.653125,"['NorthernRockiesPlains', 'NorthernRockiesPlains', 'NorthernRockiesPlains', 'NorthernRockiesPlains', 'NorthernRockiesPlains', 'NorthernRockiesPlains', 'NorthernRockiesPlains', 'NorthernRockiesPlains']","[[43.5326, -108.544], [45.2233, -105.184], [43.6998, -105.152], [45.2228, -103.442], [45.2251, -108.54], [46.915, -105.161], [45.2275, -105.159], [46.8152, -104.043]]",Montana,NorthernRockiesPlains,0.0,same
7,pan,Sensemaking,2016-06-14 17:42:02.024,0.6666666666666666,0.4,1.456,0,1,1,5,0.0,3,1,46.02135,-104.601,"['NorthernRockiesPlains', 'NorthernRockiesPlains', 'NorthernRockiesPlains', 'NorthernRockiesPlains', 'NorthernRockiesPlains', 'NorthernRockiesPlains', 'NorthernRockiesPlains', 'NorthernRockiesPlains']","[[45.2275, -105.159], [46.8152, -104.043], [45.2275, -105.159], [46.8152, -104.043], [45.2275, -105.159], [46.8152, -104.043], [45.2275, -105.159], [46.8152, -104.043]]",Montana,NorthernRockiesPlains,2.2219642354611517,change
8,pan,Sensemaking,2016-06-14 17:42:04.042,0.5,0.5,2.018,0,1,1,5,0.30604825,4,1,45.897475,-99.74125,"['NorthernRockiesPlains', 'NorthernRockiesPlains', 'NorthernRockiesPlains', 'NorthernRockiesPlains', 'NorthernRockiesPlains', 'NorthernRockiesPlains', 'NorthernRockiesPlains', 'NorthernRockiesPlains']","[[43.5325, -101.632], [45.1855, -98.3941], [45.9054, -100.353], [46.9152, -98.9483], [45.9054, -100.353], [46.9152, -98.9483], [45.9054, -100.353], [46.9152, -98.9483]]",South Dakota,NorthernRockiesPlains,357.6507919545443,same
9,pan,Sensemaking,2016-06-14 17:42:04.758,0.6,0.5714285714285714,0.716,0,1,1,5,0.0,4,1,46.4103,-99.65065,"['NorthernRockiesPlains', 'NorthernRockiesPlains', 'NorthernRockiesPlains', 'NorthernRockiesPlains', 'NorthernRockiesPlains', 'NorthernRockiesPlains', 'NorthernRockiesPlains', 'NorthernRockiesPlains']","[[45.9054, -100.353], [46.9152, -98.9483], [45.9054, -100.353], [46.9152, -98.9483], [45.9054, -100.353], [46.9152, -98.9483], [45.9054, -100.353], [46.9152, -98.9483]]",South Dakota,NorthernRockiesPlains,10.360544207839975,same
10,pan,Sensemaking,2016-06-14 17:42:05.400,0.6666666666666666,0.625,0.642,0,1,1,5,0.3166295,4,1,42.6778125,-100.8886125,"['NorthernRockiesPlains', 'NorthernRockiesPlains', 'NorthernRockiesPlains', 'NorthernRockiesPlains', 'NorthernRockiesPlains', 'NorthernRockiesPlains', 'NorthernRockiesPlains', 'NorthernRockiesPlains']","[[41.841, -104.835], [43.4649, -101.781], [41.8411, -101.771], [43.5311, -98.3933], [41.8411, -101.771], [43.5311, -98.3933], [41.8411, -101.771], [43.5311, -98.3933]]",South Dakota,NorthernRockiesPlains,6.5516620832839285,same
11,pan,Sensemaking,2016-06-14 17:42:06.119,0.7142857142857143,0.6666666666666666,0.719,0,1,1,5,0.278537375,4,1,46.3130625,-100.8882375,"['NorthernRockiesPlains', 'NorthernRockiesPlains', 'NorthernRockiesPlains', 'NorthernRockiesPlains', 'NorthernRockiesPlains', 'NorthernRockiesPlains', 'NorthernRockiesPlains', 'NorthernRockiesPlains']","[[45.2275, -105.159], [46.8152, -104.043], [45.9054, -100.353], [46.9152, -98.9483], [45.9054, -100.353], [46.9152, -98.9483], [45.9054, -100.353], [46.9152, -98.9483]]",North Dakota,NorthernRockiesPlains,1.8859164260229524,same
12,zoom,Navigation,2016-06-14 17:42:10.016,0.375,0.7,3.897,0,1,1,4,0.6345691250000001,4,2,45.122037500000005,-105.2935375,"['SouthWest', 'NorthernRockiesPlains', 'NorthernRockiesPlains', 'NorthernRockiesPlains', 'NorthernRockiesPlains', 'NorthernRockiesPlains', 'NorthernRockiesPlains', 'NorthernRockiesPlains']","[[41.75, -111.985], [45.124, -105.26], [41.7504, -105.244], [45.1093, -98.502], [45.1258, -111.985], [48.49, -105.253], [45.1276, -105.248], [48.4992, -98.8713]]",Montana,NorthernRockiesPlains,0.0,change
13,pan,Navigation,2016-06-14 17:42:11.148,0.6666666666666666,0.18181818181818182,1.132,0,1,1,4,0.307003125,4,2,40.06225,-103.4800875,"['SouthWest', 'NorthernRockiesPlains', 'SouthWest', 'NorthernRockiesPlains', 'SouthWest', 'NorthernRockiesPlains', 'SouthWest', 'NorthernRockiesPlains']","[[38.3778, -111.966], [41.744, -105.315], [38.3755, -105.001], [41.7499, -98.5189], [38.3755, -105.001], [41.7499, -98.5189], [38.3755, -105.001], [41.7499, -98.5189]]",Colorado,SouthWest,13.147868296355275,same
14,zoom,Navigation,2016-06-14 17:42:12.159,0.7,0.6666666666666666,1.011,0,1,1,3,0.6367393749999999,4,2,41.83425,-99.685,"['South', 'NorthernRockiesPlains', 'South', 'UpperMidwest', 'SouthWest', 'NorthernRockiesPlains', 'NorthernRockiesPlains', 'NorthernRockiesPlains']","[[35.0085, -111.96], [41.7484, -98.5357], [35.6837, -98.4657], [41.7401, -90.8979], [41.7504, -111.985], [48.49, -98.502], [41.7644, -98.4982], [48.4885, -88.6355]]",Nebraska,NorthernRockiesPlains,0.0,same
15,pan,Foraging,2016-06-14 17:42:13.878,0.6,0.42857142857142855,1.719,0,1,1,3,0.0,4,2,45.126450000000006,-93.56684999999999,"['NorthernRockiesPlains', 'NorthernRockiesPlains', 'NorthernRockiesPlains', 'NorthernRockiesPlains', 'NorthernRockiesPlains', 'NorthernRockiesPlains', 'NorthernRockiesPlains', 'NorthernRockiesPlains']","[[41.7644, -98.4982], [48.4885, -88.6355], [41.7644, -98.4982], [48.4885, -88.6355], [41.7644, -98.4982], [48.4885, -88.6355], [41.7644, -98.4982], [48.4885, -88.6355]]",Nebraska,NorthernRockiesPlains,351.4555985504126,change
16,pan,Foraging,2016-06-14 17:42:14.627,0.5,0.5,0.749,0,1,1,3,0.0,4,2,45.126450000000006,-93.56684999999999,"['NorthernRockiesPlains', 'NorthernRockiesPlains', 'NorthernRockiesPlains', 'NorthernRockiesPlains', 'NorthernRockiesPlains', 'NorthernRockiesPlains', 'NorthernRockiesPlains', 'NorthernRockiesPlains']","[[41.7644, -98.4982], [48.4885, -88.6355], [41.7644, -98.4982], [48.4885, -88.6355], [41.7644, -98.4982], [48.4885, -88.6355], [41.7644, -98.4982], [48.4885, -88.6355]]",Nebraska,NorthernRockiesPlains,9.189111296214696,same
17,zoom,Navigation,2016-06-14 17:42:20.555,0.36363636363636365,0.6923076923076923,5.928,0,1,1,4,0.632255625,4,2,41.7476125,-105.22398749999999,"['SouthWest', 'NorthernRockiesPlains', 'SouthWest', 'NorthernRockiesPlains', 'SouthWest', 'NorthernRockiesPlains', 'NorthernRockiesPlains', 'NorthernRockiesPlains']","[[38.3778, -111.966], [41.744, -105.315], [38.3755, -105.001], [41.7499, -98.5189], [41.75, -111.985], [45.124, -105.26], [41.7504, -105.244], [45.1093, -98.502]]",Utah,NorthernRockiesPlains,0.0,change
18,zoom,Navigation,2016-06-14 17:42:23.016,0.6666666666666666,0.7142857142857143,2.461,0,1,1,5,0.606931,4,2,43.5398375,-101.92505,"['NorthernRockiesPlains', 'NorthernRockiesPlains', 'NorthernRockiesPlains', 'NorthernRockiesPlains', 'NorthernRockiesPlains', 'NorthernRockiesPlains', 'NorthernRockiesPlains', 'NorthernRockiesPlains']","[[41.841, -104.835], [43.4649, -101.781], [41.8411, -101.771], [43.5311, -98.3933], [43.6998, -105.152], [45.2228, -103.442], [43.5325, -101.632], [45.1855, -98.3941]]",South Dakota,NorthernRockiesPlains,0.0,same
19,pan,Sensemaking,2016-06-14 17:42:28.047,0.375,0.7,5.031,0,1,1,5,0.0,4,2,44.358999999999995,-100.01304999999999,"['NorthernRockiesPlains', 'NorthernRockiesPlains', 'NorthernRockiesPlains', 'NorthernRockiesPlains', 'NorthernRockiesPlains', 'NorthernRockiesPlains', 'NorthernRockiesPlains', 'NorthernRockiesPlains']","[[43.5325, -101.632], [45.1855, -98.3941], [43.5325, -101.632], [45.1855, -98.3941], [43.5325, -101.632], [45.1855, -98.3941], [43.5325, -101.632], [45.1855, -98.3941]]",South Dakota,NorthernRockiesPlains,282.2804634639352,change
20,pan,Sensemaking,2016-06-14 17:42:31.915,0.6666666666666666,0.7272727272727273,3.868,0,1,1,5,0.0,4,2,44.358999999999995,-100.01304999999999,"['NorthernRockiesPlains', 'NorthernRockiesPlains', 'NorthernRockiesPlains', 'NorthernRockiesPlains', 'NorthernRockiesPlains', 'NorthernRockiesPlains', 'NorthernRockiesPlains', 'NorthernRockiesPlains']","[[43.5325, -101.632], [45.1855, -98.3941], [43.5325, -101.632], [45.1855, -98.3941], [43.5325, -101.632], [45.1855, -98.3941], [43.5325, -101.632], [45.1855, -98.3941]]",South Dakota,NorthernRockiesPlains,346.02259467467144,same
21,zoom,Navigation,2016-06-14 17:42:33.415,0.38461538461538464,0.7333333333333333,1.5,0,1,1,4,0.630823,4,3,41.8963875,-98.8942,"['SouthWest', 'NorthernRockiesPlains', 'South', 'UpperMidwest', 'NorthernRockiesPlains', 'NorthernRockiesPlains', 'NorthernRockiesPlains', 'UpperMidwest']","[[38.3755, -105.001], [41.7499, -98.5189], [39.5587, -98.4872], [41.7471, -95.1461], [41.7504, -105.244], [45.1093, -98.502], [41.7565, -98.4982], [45.1237, -91.7562]]",Nebraska,NorthernRockiesPlains,0.0,change
22,zoom,Navigation,2016-06-14 17:42:33.584,0.6428571428571429,0.75,0.169,0,1,1,3,0.6367393749999999,4,3,41.83425,-99.685,"['South', 'NorthernRockiesPlains', 'South', 'UpperMidwest', 'SouthWest', 'NorthernRockiesPlains', 'NorthernRockiesPlains', 'NorthernRockiesPlains']","[[35.0085, -111.96], [41.7484, -98.5357], [35.6837, -98.4657], [41.7401, -90.8979], [41.7504, -111.985], [48.49, -98.502], [41.7644, -98.4982], [48.4885, -88.6355]]",Nebraska,NorthernRockiesPlains,0.0,same
23,zoom,Navigation,2016-06-14 17:42:33.761,0.6666666666666666,0.7647058823529411,0.177,0,1,1,2,0.618309125,4,3,41.7611625,-93.7680375,"['None', 'UpperMidwest', 'South', 'Northeast', 'West', 'NorthernRockiesPlains', 'UpperMidwest', 'Northeast']","[[30.5427, -116.467], [41.7484, -95.2126], [30.5342, -90.8979], [41.7187, -71.5601], [41.761, -116.496], [52.9945, -94.0237], [41.7904, -93.9831], [52.9994, -71.5039]]",Iowa,UpperMidwest,0.0,same
24,zoom,Navigation,2016-06-14 17:42:34.271,0.6875,0.7777777777777778,0.51,0,1,1,1,0.32996662499999996,4,3,41.767250000000004,-87.9112125,"['None', 'NorthernRockiesPlains', 'South', 'Other', 'South', 'Other', 'South', 'Other']","[[30.5427, -132.053], [52.9945, -94.0237], [30.5342, -93.9559], [52.9994, -65.1151], [30.5342, -93.9559], [52.9994, -65.1151], [30.5342, -93.9559], [52.9994, -65.1151]]",Texas,South,0.0,same
25,zoom,Navigation,2016-06-14 17:42:34.695,0.7058823529411765,0.7894736842105263,0.424,0,1,1,0,0.169186,4,3,34.103049999999996,-98.6128,"['None', 'Other', 'None', 'Other', 'None', 'Other', 'None', 'Other']","[[15.2153, -132.053], [52.9908, -65.1726], [15.2153, -132.053], [52.9908, -65.1726], [15.2153, -132.053], [52.9908, -65.1726], [15.2153, -132.053], [52.9908, -65.1726]]",None,None,0.0,same
26,pan,Foraging,2016-06-14 17:42:45.843,0.5714285714285714,0.5555555555555556,11.148,0,1,1,0,0.0,4,3,34.103049999999996,-98.6128,"['None', 'Other', 'None', 'Other', 'None', 'Other', 'None', 'Other']","[[15.2153, -132.053], [52.9908, -65.1726], [15.2153, -132.053], [52.9908, -65.1726], [15.2153, -132.053], [52.9908, -65.1726], [15.2153, -132.053], [52.9908, -65.1726]]",None,None,1.5850165392763182,change
27,zoom,Navigation,2016-06-14 17:43:31.626,0.3333333333333333,0.8,45.783,0,1,1,1,0.32996662499999996,4,3,41.767250000000004,-87.9112125,"['None', 'NorthernRockiesPlains', 'South', 'Other', 'South', 'Other', 'South', 'Other']","[[30.5427, -132.053], [52.9945, -94.0237], [30.5342, -93.9559], [52.9994, -65.1151], [30.5342, -93.9559], [52.9994, -65.1151], [30.5342, -93.9559], [52.9994, -65.1151]]",Texas,South,0.0,change
28,pan,Navigation,2016-06-14 17:43:35.532,0.6842105263157895,0.14285714285714285,3.906,0,1,2,1,0.0,4,3,41.7668,-79.5355,"['South', 'Other', 'South', 'Other', 'South', 'Other', 'South', 'Other']","[[30.5342, -93.9559], [52.9994, -65.1151], [30.5342, -93.9559], [52.9994, -65.1151], [30.5342, -93.9559], [52.9994, -65.1151], [30.5342, -93.9559], [52.9994, -65.1151]]",Texas,South,358.6307521094,same
29,zoom,Navigation,2016-06-14 17:43:37.448,0.7,0.7727272727272727,1.916,0,1,2,2,0.651013625,4,3,42.36835000000001,-113.94953749999999,"['None', 'West', 'None', 'UpperMidwest', 'None', 'Other', 'West', 'NorthernRockiesPlains']","[[35.4656, -124.134], [41.6637, -116.597], [30.5427, -116.467], [41.7484, -95.2126], [41.7792, -132.156], [52.9917, -116.51], [41.761, -116.496], [52.9945, -94.0237]]",None,None,0.0,same
30,pan,Navigation,2016-06-14 17:43:38.396,0.7142857142857143,0.17391304347826086,0.948,10,1,2,2,0.0,4,3,47.377750000000006,-105.25985,"['West', 'NorthernRockiesPlains', 'West', 'NorthernRockiesPlains', 'West', 'NorthernRockiesPlains', 'West', 'NorthernRockiesPlains']","[[41.761, -116.496], [52.9945, -94.0237], [41.761, -116.496], [52.9945, -94.0237], [41.761, -116.496], [52.9945, -94.0237], [41.761, -116.496], [52.9945, -94.0237]]",Nevada,West,8.191273394926158,same
31,pan,Navigation,2016-06-14 17:43:39.603,0.7272727272727273,0.20833333333333334,1.207,10,1,2,2,0.0,4,3,47.377750000000006,-105.25985,"['West', 'NorthernRockiesPlains', 'West', 'NorthernRockiesPlains', 'West', 'NorthernRockiesPlains', 'West', 'NorthernRockiesPlains']","[[41.761, -116.496], [52.9945, -94.0237], [41.761, -116.496], [52.9945, -94.0237], [41.761, -116.496], [52.9945, -94.0237], [41.761, -116.496], [52.9945, -94.0237]]",Nevada,West,15.096725886363723,same
32,zoom,Navigation,2016-06-14 17:43:40.392,0.7391304347826086,0.72,0.789,10,1,2,3,0.47314325,4,3,36.742025,-91.477625,"['None', 'None', 'NorthernRockiesPlains', 'None', 'NorthWest', 'None', 'Other']","[[41.7759, -124.65], [48.4972, -112.005], [49.1719, -132.156], [52.9938, -125.507], [48.5013, -125.495], [52.9961, -112.008]]",None,None,0.0,same
33,pan,Navigation,2016-06-14 17:43:41.924,0.75,0.23076923076923078,1.532,10,1,2,3,0.0,4,3,50.7487,-118.7515,"['None', 'Other', 'None', 'Other', 'None', 'Other', 'None', 'Other']","[[48.5013, -125.495], [52.9961, -112.008], [48.5013, -125.495], [52.9961, -112.008], [48.5013, -125.495], [52.9961, -112.008], [48.5013, -125.495], [52.9961, -112.008]]",None,None,5.396340013058175,same
34,zoom,Navigation,2016-06-14 17:43:42.487,0.76,0.7037037037037037,0.563,10,1,2,4,0.645461125,4,3,48.5021875,-118.64875,"['None', 'NorthWest', 'NorthWest', 'NorthernRockiesPlains', 'None', 'NorthWest', 'NorthWest', 'Other']","[[45.1393, -124.664], [48.4949, -118.763], [45.1357, -118.749], [48.4972, -112.017], [48.5002, -125.495], [51.8744, -118.758], [48.505, -118.734], [51.8708, -112.01]]",None,NorthWest,0.0,same
35,zoom,Navigation,2016-06-14 17:43:43.552,0.7692307692307693,0.7142857142857143,1.065,10,1,2,5,0.584113375,5,3,46.910762500000004,-121.88675,"['NorthWest', 'NorthWest', 'NorthWest', 'NorthWest', 'None', 'NorthWest', 'NorthWest', 'NorthWest']","[[45.225, -124.028], [46.873, -122.084], [45.2255, -122.077], [46.9143, -118.749], [46.9181, -124.675], [48.6062, -122.08], [46.9167, -122.076], [48.6073, -119.325]]",Washington,NorthWest,0.0,same
36,pan,Sensemaking,2016-06-14 17:43:44.329,0.4,0.75,0.777,10,1,2,5,0.0,5,3,47.762,-120.7005,"['NorthWest', 'NorthWest', 'NorthWest', 'NorthWest', 'NorthWest', 'NorthWest', 'NorthWest', 'NorthWest']","[[46.9167, -122.076], [48.6073, -119.325], [46.9167, -122.076], [48.6073, -119.325], [46.9167, -122.076], [48.6073, -119.325], [46.9167, -122.076], [48.6073, -119.325]]",Washington,NorthWest,347.7624491120504,change
37,pan,Sensemaking,2016-06-14 17:43:44.899,0.6363636363636364,0.7692307692307693,0.57,10,1,2,5,0.47323149999999997,5,3,49.038737499999996,-117.830375,"['NorthWest', 'NorthernRockiesPlains', 'NorthWest', 'NorthWest', 'NorthWest', 'NorthWest', 'NorthWest', 'NorthWest']","[[46.9166, -118.648], [48.5908, -115.314], [48.6095, -121.938], [50.2982, -118.703], [48.6478, -118.693], [50.2996, -115.327], [48.6478, -118.693], [50.2996, -115.327]]",Washington,NorthWest,346.17199524126306,same
38,pan,Sensemaking,2016-06-14 17:43:46.233,0.6666666666666666,0.7857142857142857,1.334,10,1,2,5,0.0,5,3,49.473699999999994,-117.00999999999999,"['NorthWest', 'NorthWest', 'NorthWest', 'NorthWest', 'NorthWest', 'NorthWest', 'NorthWest', 'NorthWest']","[[48.6478, -118.693], [50.2996, -115.327], [48.6478, -118.693], [50.2996, -115.327], [48.6478, -118.693], [50.2996, -115.327], [48.6478, -118.693], [50.2996, -115.327]]",Washington,NorthWest,353.2406795049112,same
39,zoom,Navigation,2016-06-14 17:43:49.536,0.25925925925925924,0.7241379310344828,3.303,10,2,2,4,0.645461125,5,4,48.5021875,-118.64875,"['None', 'NorthWest', 'NorthWest', 'NorthernRockiesPlains', 'None', 'NorthWest', 'NorthWest', 'Other']","[[45.1393, -124.664], [48.4949, -118.763], [45.1357, -118.749], [48.4972, -112.017], [48.5002, -125.495], [51.8744, -118.758], [48.505, -118.734], [51.8708, -112.01]]",None,NorthWest,0.0,change
40,zoom,Navigation,2016-06-14 17:43:49.999,0.75,0.7333333333333333,0.463,10,2,2,3,0.47314325,5,4,36.742025,-91.477625,"['None', 'None', 'NorthernRockiesPlains', 'None', 'NorthWest', 'None', 'Other']","[[41.7759, -124.65], [48.4972, -112.005], [49.1719, -132.156], [52.9938, -125.507], [48.5013, -125.495], [52.9961, -112.008]]",None,None,0.0,same
41,pan,Navigation,2016-06-14 17:43:50.942,0.7586206896551724,0.22580645161290322,0.943,10,2,2,3,0.32714699999999997,5,4,49.341162499999996,-105.256025,"['SouthWest', 'NorthernRockiesPlains', 'NorthernRockiesPlains', 'NorthernRockiesPlains', 'NorthernRockiesPlains', 'NorthernRockiesPlains', 'NorthernRockiesPlains', 'NorthernRockiesPlains']","[[41.7504, -111.985], [48.49, -98.502], [48.5, -111.989], [52.9963, -98.5314], [48.5, -111.989], [52.9963, -98.5314], [48.5, -111.989], [52.9963, -98.5314]]",Montana,NorthernRockiesPlains,3.8178621879003463,same
42,zoom,Navigation,2016-06-14 17:43:51.823,0.7666666666666667,0.71875,0.881,10,2,2,2,0.651013625,5,4,42.36835000000001,-113.94953749999999,"['None', 'West', 'None', 'UpperMidwest', 'None', 'Other', 'West', 'NorthernRockiesPlains']","[[35.4656, -124.134], [41.6637, -116.597], [30.5427, -116.467], [41.7484, -95.2126], [41.7792, -132.156], [52.9917, -116.51], [41.761, -116.496], [52.9945, -94.0237]]",None,None,0.0,same
43,pan,Foraging,2016-06-14 17:43:52.483,0.625,0.6,0.66,10,2,2,2,0.0,5,4,47.377750000000006,-105.25985,"['West', 'NorthernRockiesPlains', 'West', 'NorthernRockiesPlains', 'West', 'NorthernRockiesPlains', 'West', 'NorthernRockiesPlains']","[[41.761, -116.496], [52.9945, -94.0237], [41.761, -116.496], [52.9945, -94.0237], [41.761, -116.496], [52.9945, -94.0237], [41.761, -116.496], [52.9945, -94.0237]]",Nevada,West,3.3772640659982462,change
44,pan,Foraging,2016-06-14 17:43:53.152,0.4444444444444444,0.6363636363636364,0.669,10,2,2,2,0.0,5,4,47.377750000000006,-105.25985,"['West', 'NorthernRockiesPlains', 'West', 'NorthernRockiesPlains', 'West', 'NorthernRockiesPlains', 'West', 'NorthernRockiesPlains']","[[41.761, -116.496], [52.9945, -94.0237], [41.761, -116.496], [52.9945, -94.0237], [41.761, -116.496], [52.9945, -94.0237], [41.761, -116.496], [52.9945, -94.0237]]",Nevada,West,0.8294346311449872,same
45,pan,Foraging,2016-06-14 17:43:55.476,0.5,0.6666666666666666,2.324,10,2,2,2,0.0,5,4,47.377750000000006,-105.25985,"['West', 'NorthernRockiesPlains', 'West', 'NorthernRockiesPlains', 'West', 'NorthernRockiesPlains', 'West', 'NorthernRockiesPlains']","[[41.761, -116.496], [52.9945, -94.0237], [41.761, -116.496], [52.9945, -94.0237], [41.761, -116.496], [52.9945, -94.0237], [41.761, -116.496], [52.9945, -94.0237]]",Nevada,West,4.27668024133346,same
46,zoom,Navigation,2016-06-14 17:43:56.663,0.25806451612903225,0.7272727272727273,1.187,10,2,2,3,0.650957125,5,4,41.8029375,-111.7233375,"['None', 'SouthWest', 'South', 'NorthernRockiesPlains', 'None', 'NorthernRockiesPlains', 'SouthWest', 'NorthernRockiesPlains']","[[35.4466, -124.124], [41.7065, -112.025], [35.0085, -111.96], [41.7484, -98.5357], [41.7759, -124.65], [48.4972, -112.005], [41.7504, -111.985], [48.49, -98.502]]",None,NorthernRockiesPlains,0.0,change
47,pan,Navigation,2016-06-14 17:44:00.231,0.75,0.23529411764705882,3.568,0,2,2,3,0.30926699999999996,5,4,43.5228125,-93.8455875,"['South', 'UpperMidwest', 'NorthernRockiesPlains', 'NorthernRockiesPlains', 'NorthernRockiesPlains', 'NorthernRockiesPlains', 'NorthernRockiesPlains', 'NorthernRockiesPlains']","[[35.6837, -98.4657], [41.7401, -90.8979], [41.7644, -98.4982], [48.4885, -88.6355], [41.7644, -98.4982], [48.4885, -88.6355], [41.7644, -98.4982], [48.4885, -88.6355]]",Nebraska,NorthernRockiesPlains,12.591994764159633,same
48,pan,Navigation,2016-06-14 17:44:01.107,0.7575757575757576,0.2571428571428571,0.876,0,2,2,3,0.0,5,4,45.126450000000006,-93.56684999999999,"['NorthernRockiesPlains', 'NorthernRockiesPlains', 'NorthernRockiesPlains', 'NorthernRockiesPlains', 'NorthernRockiesPlains', 'NorthernRockiesPlains', 'NorthernRockiesPlains', 'NorthernRockiesPlains']","[[41.7644, -98.4982], [48.4885, -88.6355], [41.7644, -98.4982], [48.4885, -88.6355], [41.7644, -98.4982], [48.4885, -88.6355], [41.7644, -98.4982], [48.4885, -88.6355]]",Nebraska,NorthernRockiesPlains,341.9672207996294,same
49,zoom,Navigation,2016-06-14 17:44:01.799,0.7647058823529411,0.6944444444444444,0.692,0,2,2,4,0.632255625,5,4,41.7476125,-105.22398749999999,"['SouthWest', 'NorthernRockiesPlains', 'SouthWest', 'NorthernRockiesPlains', 'SouthWest', 'NorthernRockiesPlains', 'NorthernRockiesPlains', 'NorthernRockiesPlains']","[[38.3778, -111.966], [41.744, -105.315], [38.3755, -105.001], [41.7499, -98.5189], [41.75, -111.985], [45.124, -105.26], [41.7504, -105.244], [45.1093, -98.502]]",Utah,NorthernRockiesPlains,0.0,same
50,pan,Sensemaking,2016-06-14 17:44:02.722,0.38461538461538464,0.8,0.923,0,2,2,4,0.0,5,4,43.42985,-101.87299999999999,"['NorthernRockiesPlains', 'NorthernRockiesPlains', 'NorthernRockiesPlains', 'NorthernRockiesPlains', 'NorthernRockiesPlains', 'NorthernRockiesPlains', 'NorthernRockiesPlains', 'NorthernRockiesPlains']","[[41.7504, -105.244], [45.1093, -98.502], [41.7504, -105.244], [45.1093, -98.502], [41.7504, -105.244], [45.1093, -98.502], [41.7504, -105.244], [45.1093, -98.502]]",Wyoming,NorthernRockiesPlains,345.3260315365594,change
51,pan,Sensemaking,2016-06-14 17:44:03.809,0.6428571428571429,0.8125,1.087,0,2,2,4,0.0,5,4,43.42985,-101.87299999999999,"['NorthernRockiesPlains', 'NorthernRockiesPlains', 'NorthernRockiesPlains', 'NorthernRockiesPlains', 'NorthernRockiesPlains', 'NorthernRockiesPlains', 'NorthernRockiesPlains', 'NorthernRockiesPlains']","[[41.7504, -105.244], [45.1093, -98.502], [41.7504, -105.244], [45.1093, -98.502], [41.7504, -105.244], [45.1093, -98.502], [41.7504, -105.244], [45.1093, -98.502]]",Wyoming,NorthernRockiesPlains,7.942410787460876,same
52,pan,Sensemaking,2016-06-14 17:44:04.430,0.6666666666666666,0.8235294117647058,0.621,0,2,2,4,0.0,5,4,43.42985,-101.87299999999999,"['NorthernRockiesPlains', 'NorthernRockiesPlains', 'NorthernRockiesPlains', 'NorthernRockiesPlains', 'NorthernRockiesPlains', 'NorthernRockiesPlains', 'NorthernRockiesPlains', 'NorthernRockiesPlains']","[[41.7504, -105.244], [45.1093, -98.502], [41.7504, -105.244], [45.1093, -98.502], [41.7504, -105.244], [45.1093, -98.502], [41.7504, -105.244], [45.1093, -98.502]]",Wyoming,NorthernRockiesPlains,15.91162857064414,same
53,pan,Sensemaking,2016-06-14 17:44:05.083,0.6875,0.8333333333333334,0.653,0,2,2,4,0.315863375,5,4,37.188337499999996,-105.1595,"['South', 'SouthWest', 'SouthWest', 'SouthWest', 'SouthWest', 'SouthWest', 'SouthWest', 'SouthWest']","[[35.0085, -111.688], [38.3697, -105.273], [36.3394, -105.219], [38.3701, -102.886], [36.3394, -105.219], [38.3701, -102.886], [36.3394, -105.219], [38.3701, -102.886]]",Colorado,SouthWest,17.353350749784532,same
54,pan,Sensemaking,2016-06-14 17:44:05.589,0.7058823529411765,0.8421052631578947,0.506,0,2,2,4,0.3252525,5,4,43.4316375,-103.560375,"['SouthWest', 'NorthernRockiesPlains', 'NorthernRockiesPlains', 'NorthernRockiesPlains', 'NorthernRockiesPlains', 'NorthernRockiesPlains', 'NorthernRockiesPlains', 'NorthernRockiesPlains']","[[41.75, -111.985], [45.124, -105.26], [41.7504, -105.244], [45.1093, -98.502], [41.7504, -105.244], [45.1093, -98.502], [41.7504, -105.244], [45.1093, -98.502]]",Wyoming,NorthernRockiesPlains,347.17470966151154,same
55,pan,Sensemaking,2016-06-14 17:44:06.176,0.7222222222222222,0.85,0.587,0,2,2,4,0.0,5,4,43.42985,-101.87299999999999,"['NorthernRockiesPlains', 'NorthernRockiesPlains', 'NorthernRockiesPlains', 'NorthernRockiesPlains', 'NorthernRockiesPlains', 'NorthernRockiesPlains', 'NorthernRockiesPlains', 'NorthernRockiesPlains']","[[41.7504, -105.244], [45.1093, -98.502], [41.7504, -105.244], [45.1093, -98.502], [41.7504, -105.244], [45.1093, -98.502], [41.7504, -105.244], [45.1093, -98.502]]",Wyoming,NorthernRockiesPlains,353.13278494051207,same
56,pan,Sensemaking,2016-06-14 17:44:06.704,0.7368421052631579,0.8571428571428571,0.528,0,2,2,4,0.0,5,4,43.42985,-101.87299999999999,"['NorthernRockiesPlains', 'NorthernRockiesPlains', 'NorthernRockiesPlains', 'NorthernRockiesPlains', 'NorthernRockiesPlains', 'NorthernRockiesPlains', 'NorthernRockiesPlains', 'NorthernRockiesPlains']","[[41.7504, -105.244], [45.1093, -98.502], [41.7504, -105.244], [45.1093, -98.502], [41.7504, -105.244], [45.1093, -98.502], [41.7504, -105.244], [45.1093, -98.502]]",Wyoming,NorthernRockiesPlains,348.9754112235339,same
57,pan,Sensemaking,2016-06-14 17:44:07.250,0.75,0.8636363636363636,0.546,0,2,2,4,0.309316625,5,4,46.812025000000006,-103.6994875,"['NorthernRockiesPlains', 'NorthernRockiesPlains', 'NorthernRockiesPlains', 'NorthernRockiesPlains', 'NorthernRockiesPlains', 'NorthernRockiesPlains', 'NorthernRockiesPlains', 'NorthernRockiesPlains']","[[45.1258, -111.985], [48.49, -105.253], [45.1276, -105.248], [48.4992, -98.8713], [45.1276, -105.248], [48.4992, -98.8713], [45.1276, -105.248], [48.4992, -98.8713]]",Montana,NorthernRockiesPlains,358.6417868920989,same
58,pan,Sensemaking,2016-06-14 17:44:08.356,0.7619047619047619,0.8695652173913043,1.106,0,2,2,4,0.307003125,5,4,40.06225,-103.4800875,"['SouthWest', 'NorthernRockiesPlains', 'SouthWest', 'NorthernRockiesPlains', 'SouthWest', 'NorthernRockiesPlains', 'SouthWest', 'NorthernRockiesPlains']","[[38.3778, -111.966], [41.744, -105.315], [38.3755, -105.001], [41.7499, -98.5189], [38.3755, -105.001], [41.7499, -98.5189], [38.3755, -105.001], [41.7499, -98.5189]]",Colorado,SouthWest,358.1037517308782,same
59,pan,Sensemaking,2016-06-14 17:44:08.958,0.7727272727272727,0.875,0.602,0,2,2,4,0.0,5,4,40.0627,-101.75995,"['SouthWest', 'NorthernRockiesPlains', 'SouthWest', 'NorthernRockiesPlains', 'SouthWest', 'NorthernRockiesPlains', 'SouthWest', 'NorthernRockiesPlains']","[[38.3755, -105.001], [41.7499, -98.5189], [38.3755, -105.001], [41.7499, -98.5189], [38.3755, -105.001], [41.7499, -98.5189], [38.3755, -105.001], [41.7499, -98.5189]]",Colorado,SouthWest,345.7920122444141,same
60,pan,Sensemaking,2016-06-14 17:44:09.622,0.782608695652174,0.88,0.664,0,2,2,4,0.309268,5,4,42.743300000000005,-95.54956250000001,"['South', 'UpperMidwest', 'NorthernRockiesPlains', 'UpperMidwest', 'NorthernRockiesPlains', 'UpperMidwest', 'NorthernRockiesPlains', 'UpperMidwest']","[[39.5587, -98.4872], [41.7471, -95.1461], [41.7565, -98.4982], [45.1237, -91.7562], [41.7565, -98.4982], [45.1237, -91.7562], [41.7565, -98.4982], [45.1237, -91.7562]]",Nebraska,UpperMidwest,336.5740489337126,same
61,zoom,Sensemaking,2016-06-14 17:44:10.439,0.7916666666666666,0.07692307692307693,0.817,0,2,2,5,0.606931,6,4,43.5398375,-101.92505,"['NorthernRockiesPlains', 'NorthernRockiesPlains', 'NorthernRockiesPlains', 'NorthernRockiesPlains', 'NorthernRockiesPlains', 'NorthernRockiesPlains', 'NorthernRockiesPlains', 'NorthernRockiesPlains']","[[41.841, -104.835], [43.4649, -101.781], [41.8411, -101.771], [43.5311, -98.3933], [43.6998, -105.152], [45.2228, -103.442], [43.5325, -101.632], [45.1855, -98.3941]]",South Dakota,NorthernRockiesPlains,0.0,same
62,pan,Sensemaking,2016-06-14 17:44:11.573,0.8,0.8518518518518519,1.134,0,2,2,5,0.0,7,4,44.358999999999995,-100.01304999999999,"['NorthernRockiesPlains', 'NorthernRockiesPlains', 'NorthernRockiesPlains', 'NorthernRockiesPlains', 'NorthernRockiesPlains', 'NorthernRockiesPlains', 'NorthernRockiesPlains', 'NorthernRockiesPlains']","[[43.5325, -101.632], [45.1855, -98.3941], [43.5325, -101.632], [45.1855, -98.3941], [43.5325, -101.632], [45.1855, -98.3941], [43.5325, -101.632], [45.1855, -98.3941]]",South Dakota,NorthernRockiesPlains,334.47046344213027,same
63,pan,Sensemaking,2016-06-14 17:44:13.684,0.8076923076923077,0.8571428571428571,2.111,0,2,2,5,0.0,7,4,44.358999999999995,-100.01304999999999,"['NorthernRockiesPlains', 'NorthernRockiesPlains', 'NorthernRockiesPlains', 'NorthernRockiesPlains', 'NorthernRockiesPlains', 'NorthernRockiesPlains', 'NorthernRockiesPlains', 'NorthernRockiesPlains']","[[43.5325, -101.632], [45.1855, -98.3941], [43.5325, -101.632], [45.1855, -98.3941], [43.5325, -101.632], [45.1855, -98.3941], [43.5325, -101.632], [45.1855, -98.3941]]",South Dakota,NorthernRockiesPlains,19.37859445779185,same
64,pan,Sensemaking,2016-06-14 17:44:18.091,0.8148148148148148,0.8620689655172413,4.407,0,2,2,5,0.0,7,4,44.358999999999995,-100.01304999999999,"['NorthernRockiesPlains', 'NorthernRockiesPlains', 'NorthernRockiesPlains', 'NorthernRockiesPlains', 'NorthernRockiesPlains', 'NorthernRockiesPlains', 'NorthernRockiesPlains', 'NorthernRockiesPlains']","[[43.5325, -101.632], [45.1855, -98.3941], [43.5325, -101.632], [45.1855, -98.3941], [43.5325, -101.632], [45.1855, -98.3941], [43.5325, -101.632], [45.1855, -98.3941]]",South Dakota,NorthernRockiesPlains,8.791248195914434,same
65,pan,Sensemaking,2016-06-14 17:44:21.889,0.8214285714285714,0.8666666666666667,3.798,10,2,2,5,0.47205675,7,4,41.856512499999994,-97.4401875,"['NorthernRockiesPlains', 'NorthernRockiesPlains', 'NorthernRockiesPlains', 'UpperMidwest', 'NorthernRockiesPlains', 'UpperMidwest', 'NorthernRockiesPlains', 'UpperMidwest']","[[40.2717, -100.81], [41.8387, -98.3941], [40.1595, -98.3847], [41.8396, -95.1161], [41.8401, -98.3884], [43.5312, -95.0199], [41.8401, -98.3884], [43.5312, -95.0199]]",Nebraska,NorthernRockiesPlains,2.9797762991906245,same
66,zoom,Navigation,2016-06-14 17:44:44.178,0.2571428571428571,0.7027027027027027,22.289,0,3,2,4,0.630823,7,5,41.8963875,-98.8942,"['SouthWest', 'NorthernRockiesPlains', 'South', 'UpperMidwest', 'NorthernRockiesPlains', 'NorthernRockiesPlains', 'NorthernRockiesPlains', 'UpperMidwest']","[[38.3755, -105.001], [41.7499, -98.5189], [39.5587, -98.4872], [41.7471, -95.1461], [41.7504, -105.244], [45.1093, -98.502], [41.7565, -98.4982], [45.1237, -91.7562]]",Nebraska,NorthernRockiesPlains,0.0,change
67,zoom,Navigation,2016-06-14 17:44:44.560,0.75,0.7105263157894737,0.382,0,3,2,3,0.6367393749999999,7,5,41.83425,-99.685,"['South', 'NorthernRockiesPlains', 'South', 'UpperMidwest', 'SouthWest', 'NorthernRockiesPlains', 'NorthernRockiesPlains', 'NorthernRockiesPlains']","[[35.0085, -111.96], [41.7484, -98.5357], [35.6837, -98.4657], [41.7401, -90.8979], [41.7504, -111.985], [48.49, -98.502], [41.7644, -98.4982], [48.4885, -88.6355]]",Nebraska,NorthernRockiesPlains,0.0,same
68,zoom,Navigation,2016-06-14 17:44:45.167,0.7567567567567568,0.717948717948718,0.607,0,3,2,2,0.618309125,7,5,41.7611625,-93.7680375,"['None', 'UpperMidwest', 'South', 'Northeast', 'West', 'NorthernRockiesPlains', 'UpperMidwest', 'Northeast']","[[30.5427, -116.467], [41.7484, -95.2126], [30.5342, -90.8979], [41.7187, -71.5601], [41.761, -116.496], [52.9945, -94.0237], [41.7904, -93.9831], [52.9994, -71.5039]]",Iowa,UpperMidwest,0.0,same
69,zoom,Navigation,2016-06-14 17:44:46.055,0.7631578947368421,0.725,0.888,0,3,2,1,0.32996662499999996,7,5,41.767250000000004,-87.9112125,"['None', 'NorthernRockiesPlains', 'South', 'Other', 'South', 'Other', 'South', 'Other']","[[30.5427, -132.053], [52.9945, -94.0237], [30.5342, -93.9559], [52.9994, -65.1151], [30.5342, -93.9559], [52.9994, -65.1151], [30.5342, -93.9559], [52.9994, -65.1151]]",Texas,South,0.0,same
70,pan,Foraging,2016-06-14 17:44:46.942,0.5454545454545454,0.6923076923076923,0.887,0,3,2,1,0.0,7,5,41.7668,-79.5355,"['South', 'Other', 'South', 'Other', 'South', 'Other', 'South', 'Other']","[[30.5342, -93.9559], [52.9994, -65.1151], [30.5342, -93.9559], [52.9994, -65.1151], [30.5342, -93.9559], [52.9994, -65.1151], [30.5342, -93.9559], [52.9994, -65.1151]]",Texas,South,358.5504947160732,change
71,pan,Foraging,2016-06-14 17:44:48.239,0.5,0.7142857142857143,1.297,0,3,2,1,0.0,7,5,41.7668,-79.5355,"['South', 'Other', 'South', 'Other', 'South', 'Other', 'South', 'Other']","[[30.5342, -93.9559], [52.9994, -65.1151], [30.5342, -93.9559], [52.9994, -65.1151], [30.5342, -93.9559], [52.9994, -65.1151], [30.5342, -93.9559], [52.9994, -65.1151]]",Texas,South,359.97063107220123,same
72,pan,Foraging,2016-06-14 17:44:48.841,0.5384615384615384,0.7333333333333333,0.602,0,3,2,1,0.29621175,7,5,23.180349999999997,-87.02857499999999,"['None', 'South', 'Other', 'None', 'Other', 'None', 'Other', 'None']","[[18.1367, -107.299], [30.3858, -97.2569], [15.1746, -86.0958], [30.4655, -77.7951], [15.1746, -86.0958], [30.4655, -77.7951], [15.1746, -86.0958], [30.4655, -77.7951]]",None,None,355.47539532891005,same
73,pan,Foraging,2016-06-14 17:44:50.586,0.5714285714285714,0.75,1.745,0,3,2,1,0.0,7,5,22.82005,-81.94545,"['Other', 'None', 'Other', 'None', 'Other', 'None', 'Other', 'None']","[[15.1746, -86.0958], [30.4655, -77.7951], [15.1746, -86.0958], [30.4655, -77.7951], [15.1746, -86.0958], [30.4655, -77.7951], [15.1746, -86.0958], [30.4655, -77.7951]]",Olancho,Other,359.59432813760384,same
74,pan,Foraging,2016-06-14 17:44:52.825,0.6,0.7647058823529411,2.239,0,3,2,1,0.0,7,5,22.82005,-81.94545,"['Other', 'None', 'Other', 'None', 'Other', 'None', 'Other', 'None']","[[15.1746, -86.0958], [30.4655, -77.7951], [15.1746, -86.0958], [30.4655, -77.7951], [15.1746, -86.0958], [30.4655, -77.7951], [15.1746, -86.0958], [30.4655, -77.7951]]",Olancho,Other,0.8805121824347696,same
75,pan,Foraging,2016-06-14 17:44:54.231,0.625,0.7777777777777778,1.406,0,3,2,1,0.0,7,5,22.82005,-81.94545,"['Other', 'None', 'Other', 'None', 'Other', 'None', 'Other', 'None']","[[15.1746, -86.0958], [30.4655, -77.7951], [15.1746, -86.0958], [30.4655, -77.7951], [15.1746, -86.0958], [30.4655, -77.7951], [15.1746, -86.0958], [30.4655, -77.7951]]",Olancho,Other,5.339930541735967,same
76,pan,Foraging,2016-06-14 17:44:54.989,0.6470588235294118,0.7894736842105263,0.758,0,3,2,1,0.0,7,5,22.82005,-81.94545,"['Other', 'None', 'Other', 'None', 'Other', 'None', 'Other', 'None']","[[15.1746, -86.0958], [30.4655, -77.7951], [15.1746, -86.0958], [30.4655, -77.7951], [15.1746, -86.0958], [30.4655, -77.7951], [15.1746, -86.0958], [30.4655, -77.7951]]",Olancho,Other,7.332299020195383,same
77,pan,Foraging,2016-06-14 17:44:56.578,0.6666666666666666,0.8,1.589,0,3,2,1,0.0,7,5,22.82005,-81.94545,"['Other', 'None', 'Other', 'None', 'Other', 'None', 'Other', 'None']","[[15.1746, -86.0958], [30.4655, -77.7951], [15.1746, -86.0958], [30.4655, -77.7951], [15.1746, -86.0958], [30.4655, -77.7951], [15.1746, -86.0958], [30.4655, -77.7951]]",Olancho,Other,3.4600090149354443,same
78,zoom,Foraging,2016-06-14 17:44:58.151,0.6842105263157895,0.09523809523809523,1.573,0,3,2,2,0.3336255,7,5,47.379675000000006,-110.0281375,"['None', 'Other', 'West', 'NorthernRockiesPlains', 'West', 'NorthernRockiesPlains', 'West', 'NorthernRockiesPlains']","[[41.7792, -132.156], [52.9917, -116.51], [41.761, -116.496], [52.9945, -94.0237], [41.761, -116.496], [52.9945, -94.0237], [41.761, -116.496], [52.9945, -94.0237]]",Nevada,West,0.0,same
79,pan,Foraging,2016-06-14 17:44:59.069,0.7,0.7727272727272727,0.918,0,3,2,2,0.0,7,5,47.377750000000006,-105.25985,"['West', 'NorthernRockiesPlains', 'West', 'NorthernRockiesPlains', 'West', 'NorthernRockiesPlains', 'West', 'NorthernRockiesPlains']","[[41.761, -116.496], [52.9945, -94.0237], [41.761, -116.496], [52.9945, -94.0237], [41.761, -116.496], [52.9945, -94.0237], [41.761, -116.496], [52.9945, -94.0237]]",Nevada,West,359.423984539713,same
80,pan,Foraging,2016-06-14 17:44:59.705,0.7142857142857143,0.782608695652174,0.636,0,3,2,2,0.317388125,7,5,36.750325000000004,-109.471225,"['None', 'West', 'None', 'UpperMidwest', 'None', 'UpperMidwest', 'None', 'UpperMidwest']","[[35.4656, -124.134], [41.6637, -116.597], [30.5427, -116.467], [41.7484, -95.2126], [30.5427, -116.467], [41.7484, -95.2126], [30.5427, -116.467], [41.7484, -95.2126]]",None,None,5.232959871921711,same
81,pan,Foraging,2016-06-14 17:45:00.444,0.7272727272727273,0.7916666666666666,0.739,0,3,2,2,0.29083649999999994,7,5,44.5777875,-82.364875,"['South', 'Northeast', 'UpperMidwest', 'Northeast', 'UpperMidwest', 'Northeast', 'UpperMidwest', 'Northeast']","[[30.5342, -90.8979], [41.7187, -71.5601], [41.7904, -93.9831], [52.9994, -71.5039], [41.7904, -93.9831], [52.9994, -71.5039], [41.7904, -93.9831], [52.9994, -71.5039]]",Iowa,Northeast,351.78773624629486,same
82,pan,Foraging,2016-06-14 17:45:01.425,0.7391304347826086,0.8,0.981,0,3,2,2,0.32354099999999997,7,5,45.18025,-123.341125,"['None', 'West', 'None', 'Other', 'None', 'Other', 'None', 'Other']","[[35.4656, -124.134], [41.6637, -116.597], [41.7792, -132.156], [52.9917, -116.51], [41.7792, -132.156], [52.9917, -116.51], [41.7792, -132.156], [52.9917, -116.51]]",None,None,7.87722735160181,same
83,pan,Foraging,2016-06-14 17:45:02.588,0.75,0.8076923076923077,1.163,0,3,2,2,0.0,7,5,47.385450000000006,-124.333,"['None', 'Other', 'None', 'Other', 'None', 'Other', 'None', 'Other']","[[41.7792, -132.156], [52.9917, -116.51], [41.7792, -132.156], [52.9917, -116.51], [41.7792, -132.156], [52.9917, -116.51], [41.7792, -132.156], [52.9917, -116.51]]",None,None,2.0535594295704778,same
84,pan,Foraging,2016-06-14 17:45:03.786,0.76,0.8148148148148148,1.198,0,3,2,2,0.0,7,5,47.385450000000006,-124.333,"['None', 'Other', 'None', 'Other', 'None', 'Other', 'None', 'Other']","[[41.7792, -132.156], [52.9917, -116.51], [41.7792, -132.156], [52.9917, -116.51], [41.7792, -132.156], [52.9917, -116.51], [41.7792, -132.156], [52.9917, -116.51]]",None,None,18.455760946784398,same
85,zoom,Navigation,2016-06-14 17:45:05.031,0.2564102564102564,0.7317073170731707,1.245,0,3,2,3,0.47314325,7,5,36.742025,-91.477625,"['None', 'None', 'NorthernRockiesPlains', 'None', 'NorthWest', 'None', 'Other']","[[41.7759, -124.65], [48.4972, -112.005], [49.1719, -132.156], [52.9938, -125.507], [48.5013, -125.495], [52.9961, -112.008]]",None,None,0.0,change
86,zoom,Navigation,2016-06-14 17:45:05.607,0.75,0.7380952380952381,0.576,0,3,2,4,0.4731455,7,5,36.881275,-92.689875,"['None', 'None', 'NorthWest', 'None', 'NorthWest', 'None', 'NorthWest']","[[45.1393, -124.664], [48.4949, -118.763], [49.1719, -128.328], [51.8695, -125.511], [48.5002, -125.495], [51.8744, -118.758]]",None,None,0.0,same
87,pan,Sensemaking,2016-06-14 17:45:06.311,0.20689655172413793,0.8709677419354839,0.704,0,3,2,4,0.0,7,5,50.1873,-122.1265,"['None', 'NorthWest', 'None', 'NorthWest', 'None', 'NorthWest', 'None', 'NorthWest']","[[48.5002, -125.495], [51.8744, -118.758], [48.5002, -125.495], [51.8744, -118.758], [48.5002, -125.495], [51.8744, -118.758], [48.5002, -125.495], [51.8744, -118.758]]",None,None,357.61642523772326,change
88,pan,Sensemaking,2016-06-14 17:45:06.870,0.8,0.875,0.559,0,3,2,4,0.315330125,7,5,49.345037500000004,-115.37475,"['NorthWest', 'NorthernRockiesPlains', 'NorthWest', 'Other', 'NorthWest', 'Other', 'NorthWest', 'Other']","[[45.1357, -118.749], [48.4972, -112.017], [48.505, -118.734], [51.8708, -112.01], [48.505, -118.734], [51.8708, -112.01], [48.505, -118.734], [51.8708, -112.01]]",Washington,NorthWest,355.4571446435119,same
89,pan,Sensemaking,2016-06-14 17:45:12.706,0.8064516129032258,0.8787878787878788,5.836,10,3,2,4,0.0,7,5,50.1879,-115.372,"['NorthWest', 'Other', 'NorthWest', 'Other', 'NorthWest', 'Other', 'NorthWest', 'Other']","[[48.505, -118.734], [51.8708, -112.01], [48.505, -118.734], [51.8708, -112.01], [48.505, -118.734], [51.8708, -112.01], [48.505, -118.734], [51.8708, -112.01]]",Washington,NorthWest,348.1958748104072,same
90,zoom,Sensemaking,2016-06-14 17:45:15.423,0.8125,0.08823529411764706,2.717,10,3,2,5,0.613445875,7,5,48.6071625,-122.044375,"['None', 'NorthWest', 'NorthWest', 'NorthWest', 'None', 'NorthWest', 'NorthWest', 'NorthWest']","[[46.9181, -124.675], [48.6062, -122.08], [46.9167, -122.076], [48.6073, -119.325], [48.6107, -125.463], [50.2906, -122.095], [48.6095, -121.938], [50.2982, -118.703]]",Washington,NorthWest,0.0,same
91,pan,Sensemaking,2016-06-14 17:45:16.579,0.8181818181818182,0.8571428571428571,1.156,10,3,2,5,0.0,7,5,49.45385,-120.32050000000001,"['NorthWest', 'NorthWest', 'NorthWest', 'NorthWest', 'NorthWest', 'NorthWest', 'NorthWest', 'NorthWest']","[[48.6095, -121.938], [50.2982, -118.703], [48.6095, -121.938], [50.2982, -118.703], [48.6095, -121.938], [50.2982, -118.703], [48.6095, -121.938], [50.2982, -118.703]]",Washington,NorthWest,6.493485722902751,same
92,pan,Sensemaking,2016-06-14 17:45:20.722,0.8235294117647058,0.8611111111111112,4.143,10,3,2,5,0.312270375,7,5,49.043699999999994,-117.00274999999999,"['NorthWest', 'NorthernRockiesPlains', 'NorthWest', 'NorthWest', 'NorthWest', 'NorthWest', 'NorthWest', 'NorthWest']","[[46.9166, -118.648], [48.5908, -115.314], [48.6478, -118.693], [50.2996, -115.327], [48.6478, -118.693], [50.2996, -115.327], [48.6478, -118.693], [50.2996, -115.327]]",Washington,NorthWest,4.737876318734126,same
93,zoom,Navigation,2016-06-14 17:45:22.840,0.2682926829268293,0.7441860465116279,2.118,10,4,2,4,0.645461125,7,6,48.5021875,-118.64875,"['None', 'NorthWest', 'NorthWest', 'NorthernRockiesPlains', 'None', 'NorthWest', 'NorthWest', 'Other']","[[45.1393, -124.664], [48.4949, -118.763], [45.1357, -118.749], [48.4972, -112.017], [48.5002, -125.495], [51.8744, -118.758], [48.505, -118.734], [51.8708, -112.01]]",None,NorthWest,0.0,change
94,zoom,Navigation,2016-06-14 17:45:23.024,0.7380952380952381,0.75,0.184,10,4,2,3,0.47314325,7,6,36.742025,-91.477625,"['None', 'None', 'NorthernRockiesPlains', 'None', 'NorthWest', 'None', 'Other']","[[41.7759, -124.65], [48.4972, -112.005], [49.1719, -132.156], [52.9938, -125.507], [48.5013, -125.495], [52.9961, -112.008]]",None,None,0.0,same
95,zoom,Navigation,2016-06-14 17:45:23.215,0.7441860465116279,0.7555555555555555,0.191,10,4,2,2,0.3336255,7,6,47.379675000000006,-110.0281375,"['None', 'Other', 'West', 'NorthernRockiesPlains', 'West', 'NorthernRockiesPlains', 'West', 'NorthernRockiesPlains']","[[41.7792, -132.156], [52.9917, -116.51], [41.761, -116.496], [52.9945, -94.0237], [41.761, -116.496], [52.9945, -94.0237], [41.761, -116.496], [52.9945, -94.0237]]",Nevada,West,0.0,same
96,pan,Foraging,2016-06-14 17:45:23.842,0.2692307692307692,0.8214285714285714,0.627,10,4,2,2,0.317388125,7,6,36.750325000000004,-109.471225,"['None', 'West', 'None', 'UpperMidwest', 'None', 'UpperMidwest', 'None', 'UpperMidwest']","[[35.4656, -124.134], [41.6637, -116.597], [30.5427, -116.467], [41.7484, -95.2126], [30.5427, -116.467], [41.7484, -95.2126], [30.5427, -116.467], [41.7484, -95.2126]]",None,None,358.76011956967125,change
97,pan,Foraging,2016-06-14 17:45:24.596,0.7407407407407407,0.8275862068965517,0.754,10,4,2,2,0.0,7,6,36.14555,-105.8398,"['None', 'UpperMidwest', 'None', 'UpperMidwest', 'None', 'UpperMidwest', 'None', 'UpperMidwest']","[[30.5427, -116.467], [41.7484, -95.2126], [30.5427, -116.467], [41.7484, -95.2126], [30.5427, -116.467], [41.7484, -95.2126], [30.5427, -116.467], [41.7484, -95.2126]]",None,None,6.958474776302515,same
98,zoom,Navigation,2016-06-14 17:45:25.944,0.2727272727272727,0.7608695652173914,1.348,10,4,2,3,0.650957125,7,6,41.8029375,-111.7233375,"['None', 'SouthWest', 'South', 'NorthernRockiesPlains', 'None', 'NorthernRockiesPlains', 'SouthWest', 'NorthernRockiesPlains']","[[35.4466, -124.124], [41.7065, -112.025], [35.0085, -111.96], [41.7484, -98.5357], [41.7759, -124.65], [48.4972, -112.005], [41.7504, -111.985], [48.49, -98.502]]",None,NorthernRockiesPlains,0.0,change
99,zoom,Navigation,2016-06-14 17:45:26.119,0.7333333333333333,0.7659574468085106,0.175,10,4,2,4,0.62086125,7,6,45.1268375,-112.0005,"['West', 'NorthernRockiesPlains', 'SouthWest', 'NorthernRockiesPlains', 'NorthWest', 'NorthernRockiesPlains', 'NorthernRockiesPlains', 'NorthernRockiesPlains']","[[41.7759, -118.75], [45.1161, -112.005], [41.75, -111.985], [45.124, -105.26], [45.1357, -118.749], [48.4972, -112.017], [45.1258, -111.985], [48.49, -105.253]]",Montana,NorthernRockiesPlains,0.0,same
100,pan,Sensemaking,2016-06-14 17:45:26.826,0.2,0.8648648648648649,0.707,10,4,2,4,0.296137875,7,6,40.059625000000004,-110.2215,"['West', 'SouthWest', 'SouthWest', 'NorthernRockiesPlains', 'SouthWest', 'NorthernRockiesPlains', 'SouthWest', 'NorthernRockiesPlains']","[[38.3846, -117.919], [41.727, -112.01], [38.3778, -111.966], [41.744, -105.315], [38.3778, -111.966], [41.744, -105.315], [38.3778, -111.966], [41.744, -105.315]]",Utah,SouthWest,358.4501195964731,change
101,pan,Sensemaking,2016-06-14 17:45:27.427,0.8055555555555556,0.868421052631579,0.601,10,4,2,4,0.0,7,6,40.060900000000004,-108.6405,"['SouthWest', 'NorthernRockiesPlains', 'SouthWest', 'NorthernRockiesPlains', 'SouthWest', 'NorthernRockiesPlains', 'SouthWest', 'NorthernRockiesPlains']","[[38.3778, -111.966], [41.744, -105.315], [38.3778, -111.966], [41.744, -105.315], [38.3778, -111.966], [41.744, -105.315], [38.3778, -111.966], [41.744, -105.315]]",Utah,SouthWest,350.17532635199416,same
102,pan,Sensemaking,2016-06-14 17:45:28.188,0.8108108108108109,0.8717948717948718,0.761,10,4,2,4,0.0,7,6,40.060900000000004,-108.6405,"['SouthWest', 'NorthernRockiesPlains', 'SouthWest', 'NorthernRockiesPlains', 'SouthWest', 'NorthernRockiesPlains', 'SouthWest', 'NorthernRockiesPlains']","[[38.3778, -111.966], [41.744, -105.315], [38.3778, -111.966], [41.744, -105.315], [38.3778, -111.966], [41.744, -105.315], [38.3778, -111.966], [41.744, -105.315]]",Utah,SouthWest,0.37751831171119343,same
103,zoom,Navigation,2016-06-14 17:45:28.848,0.2826086956521739,0.7708333333333334,0.66,10,4,2,3,0.650957125,7,7,41.8029375,-111.7233375,"['None', 'SouthWest', 'South', 'NorthernRockiesPlains', 'None', 'NorthernRockiesPlains', 'SouthWest', 'NorthernRockiesPlains']","[[35.4466, -124.124], [41.7065, -112.025], [35.0085, -111.96], [41.7484, -98.5357], [41.7759, -124.65], [48.4972, -112.005], [41.7504, -111.985], [48.49, -98.502]]",None,NorthernRockiesPlains,0.0,change
104,zoom,Navigation,2016-06-14 17:45:29.055,0.723404255319149,0.7755102040816326,0.207,10,4,2,2,0.651013625,7,7,42.36835000000001,-113.94953749999999,"['None', 'West', 'None', 'UpperMidwest', 'None', 'Other', 'West', 'NorthernRockiesPlains']","[[35.4656, -124.134], [41.6637, -116.597], [30.5427, -116.467], [41.7484, -95.2126], [41.7792, -132.156], [52.9917, -116.51], [41.761, -116.496], [52.9945, -94.0237]]",None,None,0.0,same
105,zoom,Navigation,2016-06-14 17:45:29.223,0.7291666666666666,0.78,0.168,10,4,2,1,0.32996662499999996,7,7,41.767250000000004,-87.9112125,"['None', 'NorthernRockiesPlains', 'South', 'Other', 'South', 'Other', 'South', 'Other']","[[30.5427, -132.053], [52.9945, -94.0237], [30.5342, -93.9559], [52.9994, -65.1151], [30.5342, -93.9559], [52.9994, -65.1151], [30.5342, -93.9559], [52.9994, -65.1151]]",Texas,South,0.0,same
106,zoom,Navigation,2016-06-14 17:45:31.512,0.7346938775510204,0.7843137254901961,2.289,10,4,2,2,0.651013625,7,7,42.36835000000001,-113.94953749999999,"['None', 'West', 'None', 'UpperMidwest', 'None', 'Other', 'West', 'NorthernRockiesPlains']","[[35.4656, -124.134], [41.6637, -116.597], [30.5427, -116.467], [41.7484, -95.2126], [41.7792, -132.156], [52.9917, -116.51], [41.761, -116.496], [52.9945, -94.0237]]",None,None,0.0,same
107,pan,Navigation,2016-06-14 17:45:32.383,0.74,0.19230769230769232,0.871,0,4,2,2,0.0,7,7,47.377750000000006,-105.25985,"['West', 'NorthernRockiesPlains', 'West', 'NorthernRockiesPlains', 'West', 'NorthernRockiesPlains', 'West', 'NorthernRockiesPlains']","[[41.761, -116.496], [52.9945, -94.0237], [41.761, -116.496], [52.9945, -94.0237], [41.761, -116.496], [52.9945, -94.0237], [41.761, -116.496], [52.9945, -94.0237]]",Nevada,West,347.1895177846515,same
108,pan,Navigation,2016-06-14 17:45:32.913,0.7450980392156863,0.20754716981132076,0.53,0,4,2,2,0.158515,7,7,47.3949,-82.7435,"['UpperMidwest', 'Northeast', 'UpperMidwest', 'Northeast', 'UpperMidwest', 'Northeast', 'UpperMidwest', 'Northeast']","[[41.7904, -93.9831], [52.9994, -71.5039], [41.7904, -93.9831], [52.9994, -71.5039], [41.7904, -93.9831], [52.9994, -71.5039], [41.7904, -93.9831], [52.9994, -71.5039]]",Iowa,UpperMidwest,352.6264338572907,same
109,zoom,Navigation,2016-06-14 17:45:33.639,0.75,0.7592592592592593,0.726,0,4,2,3,0.6344531250000001,7,7,47.8727125,-99.42622499999999,"['SouthWest', 'NorthernRockiesPlains', 'NorthernRockiesPlains', 'NorthernRockiesPlains', 'NorthernRockiesPlains', 'NorthernRockiesPlains', 'NorthernRockiesPlains', 'NorthernRockiesPlains']","[[41.7504, -111.985], [48.49, -98.502], [41.7644, -98.4982], [48.4885, -88.6355], [48.5, -111.989], [52.9963, -98.5314], [48.5025, -98.4653], [52.4896, -88.8034]]",North Dakota,NorthernRockiesPlains,0.0,same
110,zoom,Navigation,2016-06-14 17:45:33.834,0.7547169811320755,0.7636363636363637,0.195,0,4,2,4,0.62642325,7,7,48.5008,-105.295525,"['NorthernRockiesPlains', 'NorthernRockiesPlains', 'NorthernRockiesPlains', 'NorthernRockiesPlains', 'NorthernRockiesPlains', 'Other', 'NorthernRockiesPlains', 'NorthernRockiesPlains']","[[45.1258, -111.985], [48.49, -105.253], [45.1276, -105.248], [48.4992, -98.8713], [48.5219, -111.994], [51.8747, -105.251], [48.5, -105.248], [51.8672, -98.5139]]",Montana,NorthernRockiesPlains,0.0,same
111,pan,Navigation,2016-06-14 17:45:34.824,0.7592592592592593,0.21428571428571427,0.99,0,4,2,4,0.29904275,7,7,49.338375,-95.1148375,"['NorthernRockiesPlains', 'NorthernRockiesPlains', 'NorthernRockiesPlains', 'NorthernRockiesPlains', 'NorthernRockiesPlains', 'NorthernRockiesPlains', 'NorthernRockiesPlains', 'NorthernRockiesPlains']","[[45.1255, -98.4456], [48.458, -91.7582], [48.5025, -98.4831], [51.872, -91.7552], [48.5025, -98.4831], [51.872, -91.7552], [48.5025, -98.4831], [51.872, -91.7552]]",Ontario,NorthernRockiesPlains,351.7772011743275,same
112,zoom,Navigation,2016-06-14 17:45:35.952,0.7636363636363637,0.7543859649122807,1.128,0,4,2,5,0.6397081250000001,8,7,48.5971125,-101.7785875,"['NorthernRockiesPlains', 'NorthernRockiesPlains', 'NorthernRockiesPlains', 'NorthernRockiesPlains', 'NorthernRockiesPlains', 'Other', 'NorthernRockiesPlains', 'NorthernRockiesPlains']","[[47.018, -105.154], [48.6036, -101.777], [46.9173, -101.775], [48.6054, -98.4245], [48.6097, -105.153], [50.2985, -101.777], [48.6086, -101.774], [50.1158, -98.3942]]",North Dakota,NorthernRockiesPlains,0.0,same
113,pan,Sensemaking,2016-06-14 17:45:36.842,0.21052631578947367,0.875,0.89,0,4,2,5,0.0,9,7,49.3622,-100.0841,"['NorthernRockiesPlains', 'NorthernRockiesPlains', 'NorthernRockiesPlains', 'NorthernRockiesPlains', 'NorthernRockiesPlains', 'NorthernRockiesPlains', 'NorthernRockiesPlains', 'NorthernRockiesPlains']","[[48.6086, -101.774], [50.1158, -98.3942], [48.6086, -101.774], [50.1158, -98.3942], [48.6086, -101.774], [50.1158, -98.3942], [48.6086, -101.774], [50.1158, -98.3942]]",North Dakota,NorthernRockiesPlains,347.32460574141265,change
114,pan,Sensemaking,2016-06-14 17:45:37.524,0.7948717948717948,0.8780487804878049,0.682,0,4,2,5,0.0,10,7,49.3622,-100.0841,"['NorthernRockiesPlains', 'NorthernRockiesPlains', 'NorthernRockiesPlains', 'NorthernRockiesPlains', 'NorthernRockiesPlains', 'NorthernRockiesPlains', 'NorthernRockiesPlains', 'NorthernRockiesPlains']","[[48.6086, -101.774], [50.1158, -98.3942], [48.6086, -101.774], [50.1158, -98.3942], [48.6086, -101.774], [50.1158, -98.3942], [48.6086, -101.774], [50.1158, -98.3942]]",North Dakota,NorthernRockiesPlains,346.0271474000709,same
115,pan,Sensemaking,2016-06-14 17:45:38.158,0.8,0.8809523809523809,0.634,0,4,2,5,0.0,11,7,49.3622,-100.0841,"['NorthernRockiesPlains', 'NorthernRockiesPlains', 'NorthernRockiesPlains', 'NorthernRockiesPlains', 'NorthernRockiesPlains', 'NorthernRockiesPlains', 'NorthernRockiesPlains', 'NorthernRockiesPlains']","[[48.6086, -101.774], [50.1158, -98.3942], [48.6086, -101.774], [50.1158, -98.3942], [48.6086, -101.774], [50.1158, -98.3942], [48.6086, -101.774], [50.1158, -98.3942]]",North Dakota,NorthernRockiesPlains,353.86060215856946,same
116,pan,Sensemaking,2016-06-14 17:45:39.426,0.8048780487804879,0.8837209302325582,1.268,0,4,2,5,0.15651175,12,7,12.775,-25.899125,"['Other', 'Other', 'None', 'None', 'None']","[[50.3008, -105.159], [51.8992, -102.034]]",None,None,356.1252376171127,same
117,pan,Sensemaking,2016-06-14 17:45:41.251,0.8095238095238095,0.8863636363636364,1.825,0,4,2,5,0.314402,13,7,47.7737125,-100.9411875,"['NorthernRockiesPlains', 'NorthernRockiesPlains', 'NorthernRockiesPlains', 'NorthernRockiesPlains', 'NorthernRockiesPlains', 'NorthernRockiesPlains', 'NorthernRockiesPlains', 'NorthernRockiesPlains']","[[47.018, -105.154], [48.6036, -101.777], [46.9173, -101.775], [48.6054, -98.4245], [46.9173, -101.775], [48.6054, -98.4245], [46.9173, -101.775], [48.6054, -98.4245]]",North Dakota,NorthernRockiesPlains,16.57254380711873,same
118,pan,Sensemaking,2016-06-14 17:45:42.193,0.813953488372093,0.8888888888888888,0.942,0,4,2,5,0.0,14,7,47.76135,-100.09975,"['NorthernRockiesPlains', 'NorthernRockiesPlains', 'NorthernRockiesPlains', 'NorthernRockiesPlains', 'NorthernRockiesPlains', 'NorthernRockiesPlains', 'NorthernRockiesPlains', 'NorthernRockiesPlains']","[[46.9173, -101.775], [48.6054, -98.4245], [46.9173, -101.775], [48.6054, -98.4245], [46.9173, -101.775], [48.6054, -98.4245], [46.9173, -101.775], [48.6054, -98.4245]]",North Dakota,NorthernRockiesPlains,3.8448699686537515,same
119,pan,Sensemaking,2016-06-14 17:45:42.941,0.8181818181818182,0.8913043478260869,0.748,0,4,2,5,0.0,15,7,47.76135,-100.09975,"['NorthernRockiesPlains', 'NorthernRockiesPlains', 'NorthernRockiesPlains', 'NorthernRockiesPlains', 'NorthernRockiesPlains', 'NorthernRockiesPlains', 'NorthernRockiesPlains', 'NorthernRockiesPlains']","[[46.9173, -101.775], [48.6054, -98.4245], [46.9173, -101.775], [48.6054, -98.4245], [46.9173, -101.775], [48.6054, -98.4245], [46.9173, -101.775], [48.6054, -98.4245]]",North Dakota,NorthernRockiesPlains,7.15903684174085,same
120,pan,Sensemaking,2016-06-14 17:45:45.379,0.8222222222222222,0.8936170212765957,2.438,0,4,2,5,0.0,16,7,47.76135,-100.09975,"['NorthernRockiesPlains', 'NorthernRockiesPlains', 'NorthernRockiesPlains', 'NorthernRockiesPlains', 'NorthernRockiesPlains', 'NorthernRockiesPlains', 'NorthernRockiesPlains', 'NorthernRockiesPlains']","[[46.9173, -101.775], [48.6054, -98.4245], [46.9173, -101.775], [48.6054, -98.4245], [46.9173, -101.775], [48.6054, -98.4245], [46.9173, -101.775], [48.6054, -98.4245]]",North Dakota,NorthernRockiesPlains,3.5415599044935697,same
121,pan,Sensemaking,2016-06-14 17:45:46.034,0.8260869565217391,0.8958333333333334,0.655,0,4,2,5,0.278537375,17,7,46.3130625,-100.8882375,"['NorthernRockiesPlains', 'NorthernRockiesPlains', 'NorthernRockiesPlains', 'NorthernRockiesPlains', 'NorthernRockiesPlains', 'NorthernRockiesPlains', 'NorthernRockiesPlains', 'NorthernRockiesPlains']","[[45.2275, -105.159], [46.8152, -104.043], [45.9054, -100.353], [46.9152, -98.9483], [45.9054, -100.353], [46.9152, -98.9483], [45.9054, -100.353], [46.9152, -98.9483]]",North Dakota,NorthernRockiesPlains,11.269540423994455,same
122,pan,Sensemaking,2016-06-14 17:45:46.793,0.8297872340425532,0.8979591836734694,0.759,0,4,2,5,0.153320875,18,7,11.484087500000001,-24.23765,"['NorthernRockiesPlains', 'UpperMidwest', 'None', 'None', 'None']","[[45.2288, -98.3406], [46.6439, -95.5606]]",None,None,330.23601523154423,same
123,pan,Sensemaking,2016-06-14 17:45:47.509,0.8333333333333334,0.9,0.716,0,4,2,5,0.483101375,19,7,48.997325000000004,-101.774675,"['NorthernRockiesPlains', 'NorthernRockiesPlains', 'NorthernRockiesPlains', 'Other', 'NorthernRockiesPlains', 'NorthernRockiesPlains', 'NorthernRockiesPlains', 'NorthernRockiesPlains']","[[47.018, -105.154], [48.6036, -101.777], [48.6097, -105.153], [50.2985, -101.777], [48.6086, -101.774], [50.1158, -98.3942], [48.6086, -101.774], [50.1158, -98.3942]]",North Dakota,NorthernRockiesPlains,21.753046512796335,same
124,pan,Sensemaking,2016-06-14 17:45:49.228,0.8367346938775511,0.9019607843137255,1.719,0,4,2,5,0.0,20,7,49.3622,-100.0841,"['NorthernRockiesPlains', 'NorthernRockiesPlains', 'NorthernRockiesPlains', 'NorthernRockiesPlains', 'NorthernRockiesPlains', 'NorthernRockiesPlains', 'NorthernRockiesPlains', 'NorthernRockiesPlains']","[[48.6086, -101.774], [50.1158, -98.3942], [48.6086, -101.774], [50.1158, -98.3942], [48.6086, -101.774], [50.1158, -98.3942], [48.6086, -101.774], [50.1158, -98.3942]]",North Dakota,NorthernRockiesPlains,346.6463558898308,same
125,pan,Sensemaking,2016-06-14 17:45:49.799,0.84,0.9038461538461539,0.571,0,4,2,5,0.0,21,7,49.3622,-100.0841,"['NorthernRockiesPlains', 'NorthernRockiesPlains', 'NorthernRockiesPlains', 'NorthernRockiesPlains', 'NorthernRockiesPlains', 'NorthernRockiesPlains', 'NorthernRockiesPlains', 'NorthernRockiesPlains']","[[48.6086, -101.774], [50.1158, -98.3942], [48.6086, -101.774], [50.1158, -98.3942], [48.6086, -101.774], [50.1158, -98.3942], [48.6086, -101.774], [50.1158, -98.3942]]",North Dakota,NorthernRockiesPlains,351.0436833557458,same
126,pan,Sensemaking,2016-06-14 17:45:50.382,0.8431372549019608,0.9056603773584906,0.583,10,4,2,5,0.0,21,7,49.3622,-100.0841,"['NorthernRockiesPlains', 'NorthernRockiesPlains', 'NorthernRockiesPlains', 'NorthernRockiesPlains', 'NorthernRockiesPlains', 'NorthernRockiesPlains', 'NorthernRockiesPlains', 'NorthernRockiesPlains']","[[48.6086, -101.774], [50.1158, -98.3942], [48.6086, -101.774], [50.1158, -98.3942], [48.6086, -101.774], [50.1158, -98.3942], [48.6086, -101.774], [50.1158, -98.3942]]",North Dakota,NorthernRockiesPlains,353.08280008441477,same
127,pan,Sensemaking,2016-06-14 17:45:51.029,0.8461538461538461,0.9074074074074074,0.647,10,4,2,5,0.15651175,21,7,12.775,-25.899125,"['Other', 'Other', 'None', 'None', 'None']","[[50.3008, -105.159], [51.8992, -102.034]]",None,None,355.3322462514946,same
128,pan,Sensemaking,2016-06-14 17:45:58.124,0.8490566037735849,0.9090909090909091,7.095,10,4,2,5,0.314402,21,7,47.7737125,-100.9411875,"['NorthernRockiesPlains', 'NorthernRockiesPlains', 'NorthernRockiesPlains', 'NorthernRockiesPlains', 'NorthernRockiesPlains', 'NorthernRockiesPlains', 'NorthernRockiesPlains', 'NorthernRockiesPlains']","[[47.018, -105.154], [48.6036, -101.777], [46.9173, -101.775], [48.6054, -98.4245], [46.9173, -101.775], [48.6054, -98.4245], [46.9173, -101.775], [48.6054, -98.4245]]",North Dakota,NorthernRockiesPlains,355.90853121037713,same
