UserIndex,Action,State,TimeStamp,HighLevelStateActionProbab,StateActionProbab,IdleTime,Reward,Subtask_Screenshot_Time,Subtask_Idle_Time,ZoomLevel,NDSI,Subtask_Zoom,Subtask_ROI,Latitude,Longitude,All_address,All_raw_address,Most_frequent_state,Most_frequent_region,Angle,high-level-action
0,start,Foraging,2016-06-09 15:23:03.060,0.6666666666666666,0.4,0.0,0,1,1,0,0.169186,1,1,34.103049999999996,-98.6128,"['None', 'Other', 'None', 'Other', 'None', 'Other', 'None', 'Other']","[[15.2153, -132.053], [52.9908, -65.1726], [15.2153, -132.053], [52.9908, -65.1726], [15.2153, -132.053], [52.9908, -65.1726], [15.2153, -132.053], [52.9908, -65.1726]]",None,None,0.0,change
1,zoom,Navigation,2016-06-09 15:23:31.714,0.6666666666666666,0.4,28.654,0,1,1,1,0.626178375,1,1,32.654175,-94.1993125,"['None', 'South', 'Other', 'None', 'None', 'NorthernRockiesPlains', 'South', 'Other']","[[18.1367, -107.299], [30.3858, -97.2569], [15.1746, -86.0958], [30.4655, -77.7951], [30.5427, -132.053], [52.9945, -94.0237], [30.5342, -93.9559], [52.9994, -65.1151]]",None,None,0.0,change
2,pan,Navigation,2016-06-09 15:23:33.563,0.5,0.3333333333333333,1.849,0,1,1,1,0.0,1,1,41.7668,-79.5355,"['South', 'Other', 'South', 'Other', 'South', 'Other', 'South', 'Other']","[[30.5342, -93.9559], [52.9994, -65.1151], [30.5342, -93.9559], [52.9994, -65.1151], [30.5342, -93.9559], [52.9994, -65.1151], [30.5342, -93.9559], [52.9994, -65.1151]]",Texas,South,347.12654915285145,same
3,zoom,Navigation,2016-06-09 15:23:46.342,0.6,0.42857142857142855,12.779,0,1,1,2,0.651013625,1,1,42.36835000000001,-113.94953749999999,"['None', 'West', 'None', 'UpperMidwest', 'None', 'Other', 'West', 'NorthernRockiesPlains']","[[35.4656, -124.134], [41.6637, -116.597], [30.5427, -116.467], [41.7484, -95.2126], [41.7792, -132.156], [52.9917, -116.51], [41.761, -116.496], [52.9945, -94.0237]]",None,None,0.0,same
4,pan,Navigation,2016-06-09 15:23:49.209,0.6666666666666666,0.375,2.867,0,1,2,2,0.0,1,1,47.377750000000006,-105.25985,"['West', 'NorthernRockiesPlains', 'West', 'NorthernRockiesPlains', 'West', 'NorthernRockiesPlains', 'West', 'NorthernRockiesPlains']","[[41.761, -116.496], [52.9945, -94.0237], [41.761, -116.496], [52.9945, -94.0237], [41.761, -116.496], [52.9945, -94.0237], [41.761, -116.496], [52.9945, -94.0237]]",Nevada,West,0.043819949536461206,same
5,pan,Navigation,2016-06-09 15:23:50.801,0.7142857142857143,0.4444444444444444,1.592,0,1,2,2,0.29083649999999994,1,1,44.5777875,-82.364875,"['South', 'Northeast', 'UpperMidwest', 'Northeast', 'UpperMidwest', 'Northeast', 'UpperMidwest', 'Northeast']","[[30.5342, -90.8979], [41.7187, -71.5601], [41.7904, -93.9831], [52.9994, -71.5039], [41.7904, -93.9831], [52.9994, -71.5039], [41.7904, -93.9831], [52.9994, -71.5039]]",Iowa,Northeast,332.5650128342455,same
6,zoom,Navigation,2016-06-09 15:23:51.622,0.75,0.4,0.821,0,1,2,3,0.6367393749999999,1,1,41.83425,-99.685,"['South', 'NorthernRockiesPlains', 'South', 'UpperMidwest', 'SouthWest', 'NorthernRockiesPlains', 'NorthernRockiesPlains', 'NorthernRockiesPlains']","[[35.0085, -111.96], [41.7484, -98.5357], [35.6837, -98.4657], [41.7401, -90.8979], [41.7504, -111.985], [48.49, -98.502], [41.7644, -98.4982], [48.4885, -88.6355]]",Nebraska,NorthernRockiesPlains,0.0,same
7,zoom,Navigation,2016-06-09 15:23:52.614,0.7777777777777778,0.45454545454545453,0.992,0,1,2,4,0.630823,1,1,41.8963875,-98.8942,"['SouthWest', 'NorthernRockiesPlains', 'South', 'UpperMidwest', 'NorthernRockiesPlains', 'NorthernRockiesPlains', 'NorthernRockiesPlains', 'UpperMidwest']","[[38.3755, -105.001], [41.7499, -98.5189], [39.5587, -98.4872], [41.7471, -95.1461], [41.7504, -105.244], [45.1093, -98.502], [41.7565, -98.4982], [45.1237, -91.7562]]",Nebraska,NorthernRockiesPlains,0.0,same
8,zoom,Navigation,2016-06-09 15:23:54.782,0.8,0.5,2.168,0,1,2,5,0.632855375,1,1,41.856624999999994,-98.28468749999999,"['NorthernRockiesPlains', 'NorthernRockiesPlains', 'NorthernRockiesPlains', 'UpperMidwest', 'NorthernRockiesPlains', 'NorthernRockiesPlains', 'NorthernRockiesPlains', 'UpperMidwest']","[[40.2717, -100.81], [41.8387, -98.3941], [40.1595, -98.3847], [41.8396, -95.1161], [41.8411, -101.771], [43.5311, -98.3933], [41.8401, -98.3884], [43.5312, -95.0199]]",Nebraska,NorthernRockiesPlains,0.0,same
9,pan,Sensemaking,2016-06-09 15:24:04.664,0.6666666666666666,0.4,9.882,0,1,2,5,0.0,1,1,42.685649999999995,-96.70415,"['NorthernRockiesPlains', 'UpperMidwest', 'NorthernRockiesPlains', 'UpperMidwest', 'NorthernRockiesPlains', 'UpperMidwest', 'NorthernRockiesPlains', 'UpperMidwest']","[[41.8401, -98.3884], [43.5312, -95.0199], [41.8401, -98.3884], [43.5312, -95.0199], [41.8401, -98.3884], [43.5312, -95.0199], [41.8401, -98.3884], [43.5312, -95.0199]]",Nebraska,NorthernRockiesPlains,2.0598083518181087,change
10,pan,Sensemaking,2016-06-09 15:24:11.633,0.5,0.5,6.969,0,1,2,5,0.0,1,1,42.685649999999995,-96.70415,"['NorthernRockiesPlains', 'UpperMidwest', 'NorthernRockiesPlains', 'UpperMidwest', 'NorthernRockiesPlains', 'UpperMidwest', 'NorthernRockiesPlains', 'UpperMidwest']","[[41.8401, -98.3884], [43.5312, -95.0199], [41.8401, -98.3884], [43.5312, -95.0199], [41.8401, -98.3884], [43.5312, -95.0199], [41.8401, -98.3884], [43.5312, -95.0199]]",Nebraska,NorthernRockiesPlains,3.056947769719826,same
11,zoom,Navigation,2016-06-09 15:24:15.034,0.2727272727272727,0.5384615384615384,3.401,0,1,2,4,0.630823,1,2,41.8963875,-98.8942,"['SouthWest', 'NorthernRockiesPlains', 'South', 'UpperMidwest', 'NorthernRockiesPlains', 'NorthernRockiesPlains', 'NorthernRockiesPlains', 'UpperMidwest']","[[38.3755, -105.001], [41.7499, -98.5189], [39.5587, -98.4872], [41.7471, -95.1461], [41.7504, -105.244], [45.1093, -98.502], [41.7565, -98.4982], [45.1237, -91.7562]]",Nebraska,NorthernRockiesPlains,0.0,change
12,zoom,Navigation,2016-06-09 15:24:16.086,0.75,0.5714285714285714,1.052,0,1,2,3,0.6367393749999999,1,2,41.83425,-99.685,"['South', 'NorthernRockiesPlains', 'South', 'UpperMidwest', 'SouthWest', 'NorthernRockiesPlains', 'NorthernRockiesPlains', 'NorthernRockiesPlains']","[[35.0085, -111.96], [41.7484, -98.5357], [35.6837, -98.4657], [41.7401, -90.8979], [41.7504, -111.985], [48.49, -98.502], [41.7644, -98.4982], [48.4885, -88.6355]]",Nebraska,NorthernRockiesPlains,0.0,same
13,zoom,Navigation,2016-06-09 15:24:16.767,0.7692307692307693,0.6,0.681,0,1,2,2,0.618309125,1,2,41.7611625,-93.7680375,"['None', 'UpperMidwest', 'South', 'Northeast', 'West', 'NorthernRockiesPlains', 'UpperMidwest', 'Northeast']","[[30.5427, -116.467], [41.7484, -95.2126], [30.5342, -90.8979], [41.7187, -71.5601], [41.761, -116.496], [52.9945, -94.0237], [41.7904, -93.9831], [52.9994, -71.5039]]",Iowa,UpperMidwest,0.0,same
14,zoom,Navigation,2016-06-09 15:24:17.350,0.7857142857142857,0.625,0.583,0,1,2,1,0.32996662499999996,1,2,41.767250000000004,-87.9112125,"['None', 'NorthernRockiesPlains', 'South', 'Other', 'South', 'Other', 'South', 'Other']","[[30.5427, -132.053], [52.9945, -94.0237], [30.5342, -93.9559], [52.9994, -65.1151], [30.5342, -93.9559], [52.9994, -65.1151], [30.5342, -93.9559], [52.9994, -65.1151]]",Texas,South,0.0,same
15,zoom,Navigation,2016-06-09 15:24:18.166,0.8,0.6470588235294118,0.816,0,1,2,0,0.169186,1,2,34.103049999999996,-98.6128,"['None', 'Other', 'None', 'Other', 'None', 'Other', 'None', 'Other']","[[15.2153, -132.053], [52.9908, -65.1726], [15.2153, -132.053], [52.9908, -65.1726], [15.2153, -132.053], [52.9908, -65.1726], [15.2153, -132.053], [52.9908, -65.1726]]",None,None,0.0,same
16,zoom,Navigation,2016-06-09 15:24:19.342,0.8125,0.6666666666666666,1.176,0,1,2,1,0.32996662499999996,1,2,41.767250000000004,-87.9112125,"['None', 'NorthernRockiesPlains', 'South', 'Other', 'South', 'Other', 'South', 'Other']","[[30.5427, -132.053], [52.9945, -94.0237], [30.5342, -93.9559], [52.9994, -65.1151], [30.5342, -93.9559], [52.9994, -65.1151], [30.5342, -93.9559], [52.9994, -65.1151]]",Texas,South,0.0,same
17,pan,Navigation,2016-06-09 15:24:23.133,0.8235294117647058,0.2631578947368421,3.791,0,1,2,1,0.29621175,1,2,23.180349999999997,-87.02857499999999,"['None', 'South', 'Other', 'None', 'Other', 'None', 'Other', 'None']","[[18.1367, -107.299], [30.3858, -97.2569], [15.1746, -86.0958], [30.4655, -77.7951], [15.1746, -86.0958], [30.4655, -77.7951], [15.1746, -86.0958], [30.4655, -77.7951]]",None,None,12.655794724658152,same
18,zoom,Navigation,2016-06-09 15:24:27.937,0.8333333333333334,0.65,4.804,0,1,2,2,0.651013625,1,2,42.36835000000001,-113.94953749999999,"['None', 'West', 'None', 'UpperMidwest', 'None', 'Other', 'West', 'NorthernRockiesPlains']","[[35.4656, -124.134], [41.6637, -116.597], [30.5427, -116.467], [41.7484, -95.2126], [41.7792, -132.156], [52.9917, -116.51], [41.761, -116.496], [52.9945, -94.0237]]",None,None,0.0,same
19,pan,Navigation,2016-06-09 15:24:32.450,0.8421052631578947,0.2857142857142857,4.513,0,1,2,2,0.0,1,2,47.377750000000006,-105.25985,"['West', 'NorthernRockiesPlains', 'West', 'NorthernRockiesPlains', 'West', 'NorthernRockiesPlains', 'West', 'NorthernRockiesPlains']","[[41.761, -116.496], [52.9945, -94.0237], [41.761, -116.496], [52.9945, -94.0237], [41.761, -116.496], [52.9945, -94.0237], [41.761, -116.496], [52.9945, -94.0237]]",Nevada,West,320.6373967508346,same
20,pan,Navigation,2016-06-09 15:24:36.174,0.85,0.3181818181818182,3.724,0,1,2,2,0.0,1,2,47.377750000000006,-105.25985,"['West', 'NorthernRockiesPlains', 'West', 'NorthernRockiesPlains', 'West', 'NorthernRockiesPlains', 'West', 'NorthernRockiesPlains']","[[41.761, -116.496], [52.9945, -94.0237], [41.761, -116.496], [52.9945, -94.0237], [41.761, -116.496], [52.9945, -94.0237], [41.761, -116.496], [52.9945, -94.0237]]",Nevada,West,334.9342379417617,same
21,zoom,Navigation,2016-06-09 15:24:37.176,0.8571428571428571,0.6086956521739131,1.002,0,1,2,3,0.657263,1,2,47.9384,-111.895675,"['None', 'NorthernRockiesPlains', 'SouthWest', 'NorthernRockiesPlains', 'None', 'Other', 'NorthernRockiesPlains', 'NorthernRockiesPlains']","[[41.7759, -124.65], [48.4972, -112.005], [41.7504, -111.985], [48.49, -98.502], [48.5013, -125.495], [52.9961, -112.008], [48.5, -111.989], [52.9963, -98.5314]]",None,NorthernRockiesPlains,0.0,same
22,pan,Navigation,2016-06-09 15:24:39.104,0.8636363636363636,0.3333333333333333,1.928,0,1,2,3,0.307306125,1,2,49.15365,-93.617475,"['NorthernRockiesPlains', 'NorthernRockiesPlains', 'NorthernRockiesPlains', 'NorthernRockiesPlains', 'NorthernRockiesPlains', 'NorthernRockiesPlains', 'NorthernRockiesPlains', 'NorthernRockiesPlains']","[[41.7644, -98.4982], [48.4885, -88.6355], [48.5025, -98.4653], [52.4896, -88.8034], [48.5025, -98.4653], [52.4896, -88.8034], [48.5025, -98.4653], [52.4896, -88.8034]]",Ontario,NorthernRockiesPlains,353.9082159694743,same
23,pan,Navigation,2016-06-09 15:24:43.365,0.8695652173913043,0.36,4.261,0,1,2,3,0.4865025,1,2,41.807024999999996,-114.9943375,"['None', 'SouthWest', 'South', 'NorthernRockiesPlains', 'None', 'NorthernRockiesPlains', 'None', 'NorthernRockiesPlains']","[[35.4466, -124.124], [41.7065, -112.025], [35.0085, -111.96], [41.7484, -98.5357], [41.7759, -124.65], [48.4972, -112.005], [41.7759, -124.65], [48.4972, -112.005]]",None,None,15.575402673992341,same
24,zoom,Navigation,2016-06-09 15:24:44.174,0.875,0.5769230769230769,0.809,0,1,2,4,0.6345691250000001,1,2,45.122037500000005,-105.2935375,"['SouthWest', 'NorthernRockiesPlains', 'NorthernRockiesPlains', 'NorthernRockiesPlains', 'NorthernRockiesPlains', 'NorthernRockiesPlains', 'NorthernRockiesPlains', 'NorthernRockiesPlains']","[[41.75, -111.985], [45.124, -105.26], [41.7504, -105.244], [45.1093, -98.502], [45.1258, -111.985], [48.49, -105.253], [45.1276, -105.248], [48.4992, -98.8713]]",Montana,NorthernRockiesPlains,0.0,same
25,pan,Sensemaking,2016-06-09 15:24:46.573,0.6,0.5714285714285714,2.399,0,1,2,4,0.0,1,2,46.8134,-102.05965,"['NorthernRockiesPlains', 'NorthernRockiesPlains', 'NorthernRockiesPlains', 'NorthernRockiesPlains', 'NorthernRockiesPlains', 'NorthernRockiesPlains', 'NorthernRockiesPlains', 'NorthernRockiesPlains']","[[45.1276, -105.248], [48.4992, -98.8713], [45.1276, -105.248], [48.4992, -98.8713], [45.1276, -105.248], [48.4992, -98.8713], [45.1276, -105.248], [48.4992, -98.8713]]",Montana,NorthernRockiesPlains,23.87107631709341,change
26,zoom,Sensemaking,2016-06-09 15:24:47.604,0.5,0.25,1.031,0,1,2,3,0.650957125,1,2,41.8029375,-111.7233375,"['None', 'SouthWest', 'South', 'NorthernRockiesPlains', 'None', 'NorthernRockiesPlains', 'SouthWest', 'NorthernRockiesPlains']","[[35.4466, -124.124], [41.7065, -112.025], [35.0085, -111.96], [41.7484, -98.5357], [41.7759, -124.65], [48.4972, -112.005], [41.7504, -111.985], [48.49, -98.502]]",None,NorthernRockiesPlains,0.0,same
27,pan,Sensemaking,2016-06-09 15:24:49.424,0.5714285714285714,0.5555555555555556,1.82,0,1,2,3,0.30926699999999996,1,2,43.5228125,-93.8455875,"['South', 'UpperMidwest', 'NorthernRockiesPlains', 'NorthernRockiesPlains', 'NorthernRockiesPlains', 'NorthernRockiesPlains', 'NorthernRockiesPlains', 'NorthernRockiesPlains']","[[35.6837, -98.4657], [41.7401, -90.8979], [41.7644, -98.4982], [48.4885, -88.6355], [41.7644, -98.4982], [48.4885, -88.6355], [41.7644, -98.4982], [48.4885, -88.6355]]",Nebraska,NorthernRockiesPlains,344.8903424383039,same
28,zoom,Navigation,2016-06-09 15:24:50.432,0.16,0.5925925925925926,1.008,0,1,2,4,0.630823,1,3,41.8963875,-98.8942,"['SouthWest', 'NorthernRockiesPlains', 'South', 'UpperMidwest', 'NorthernRockiesPlains', 'NorthernRockiesPlains', 'NorthernRockiesPlains', 'UpperMidwest']","[[38.3755, -105.001], [41.7499, -98.5189], [39.5587, -98.4872], [41.7471, -95.1461], [41.7504, -105.244], [45.1093, -98.502], [41.7565, -98.4982], [45.1237, -91.7562]]",Nebraska,NorthernRockiesPlains,0.0,change
29,pan,Navigation,2016-06-09 15:24:52.216,0.8461538461538461,0.35714285714285715,1.784,10,1,2,4,0.0,1,3,43.4401,-95.1272,"['NorthernRockiesPlains', 'UpperMidwest', 'NorthernRockiesPlains', 'UpperMidwest', 'NorthernRockiesPlains', 'UpperMidwest', 'NorthernRockiesPlains', 'UpperMidwest']","[[41.7565, -98.4982], [45.1237, -91.7562], [41.7565, -98.4982], [45.1237, -91.7562], [41.7565, -98.4982], [45.1237, -91.7562], [41.7565, -98.4982], [45.1237, -91.7562]]",Nebraska,NorthernRockiesPlains,7.723749033680411,same
30,zoom,Navigation,2016-06-09 15:24:52.830,0.8518518518518519,0.5862068965517241,0.614,10,1,2,5,0.6375498749999999,1,3,41.847025,-101.585425,"['SouthWest', 'NorthernRockiesPlains', 'NorthernRockiesPlains', 'NorthernRockiesPlains', 'NorthernRockiesPlains', 'NorthernRockiesPlains', 'NorthernRockiesPlains', 'NorthernRockiesPlains']","[[40.1513, -104.815], [41.8364, -101.884], [40.2717, -100.81], [41.8387, -98.3941], [41.841, -104.835], [43.4649, -101.781], [41.8411, -101.771], [43.5311, -98.3933]]",Nebraska,NorthernRockiesPlains,0.0,same
31,pan,Sensemaking,2016-06-09 15:24:57.713,0.5,0.6,4.883,10,1,2,5,0.480818125,1,3,43.9493625,-97.530475,"['NorthernRockiesPlains', 'UpperMidwest', 'NorthernRockiesPlains', 'NorthernRockiesPlains', 'NorthernRockiesPlains', 'UpperMidwest', 'NorthernRockiesPlains', 'UpperMidwest']","[[41.8401, -98.3884], [43.5312, -95.0199], [43.5325, -101.632], [45.1855, -98.3941], [43.5328, -98.3916], [45.22, -95.0131], [43.5328, -98.3916], [45.22, -95.0131]]",South Dakota,NorthernRockiesPlains,347.85790665249823,change
32,pan,Sensemaking,2016-06-09 15:24:59.783,0.5555555555555556,0.6363636363636364,2.07,10,1,2,5,0.0,1,3,44.376400000000004,-96.70235,"['NorthernRockiesPlains', 'UpperMidwest', 'NorthernRockiesPlains', 'UpperMidwest', 'NorthernRockiesPlains', 'UpperMidwest', 'NorthernRockiesPlains', 'UpperMidwest']","[[43.5328, -98.3916], [45.22, -95.0131], [43.5328, -98.3916], [45.22, -95.0131], [43.5328, -98.3916], [45.22, -95.0131], [43.5328, -98.3916], [45.22, -95.0131]]",South Dakota,NorthernRockiesPlains,0.1702560590968908,same
33,zoom,Navigation,2016-06-09 15:25:03.112,0.17857142857142858,0.6,3.329,10,2,2,4,0.630823,1,4,41.8963875,-98.8942,"['SouthWest', 'NorthernRockiesPlains', 'South', 'UpperMidwest', 'NorthernRockiesPlains', 'NorthernRockiesPlains', 'NorthernRockiesPlains', 'UpperMidwest']","[[38.3755, -105.001], [41.7499, -98.5189], [39.5587, -98.4872], [41.7471, -95.1461], [41.7504, -105.244], [45.1093, -98.502], [41.7565, -98.4982], [45.1237, -91.7562]]",Nebraska,NorthernRockiesPlains,0.0,change
34,zoom,Navigation,2016-06-09 15:25:03.701,0.8275862068965517,0.6129032258064516,0.589,10,2,2,3,0.6367393749999999,1,4,41.83425,-99.685,"['South', 'NorthernRockiesPlains', 'South', 'UpperMidwest', 'SouthWest', 'NorthernRockiesPlains', 'NorthernRockiesPlains', 'NorthernRockiesPlains']","[[35.0085, -111.96], [41.7484, -98.5357], [35.6837, -98.4657], [41.7401, -90.8979], [41.7504, -111.985], [48.49, -98.502], [41.7644, -98.4982], [48.4885, -88.6355]]",Nebraska,NorthernRockiesPlains,0.0,same
35,zoom,Navigation,2016-06-09 15:25:04.270,0.8333333333333334,0.625,0.569,10,2,2,2,0.618309125,1,4,41.7611625,-93.7680375,"['None', 'UpperMidwest', 'South', 'Northeast', 'West', 'NorthernRockiesPlains', 'UpperMidwest', 'Northeast']","[[30.5427, -116.467], [41.7484, -95.2126], [30.5342, -90.8979], [41.7187, -71.5601], [41.761, -116.496], [52.9945, -94.0237], [41.7904, -93.9831], [52.9994, -71.5039]]",Iowa,UpperMidwest,0.0,same
36,zoom,Navigation,2016-06-09 15:25:04.846,0.8387096774193549,0.6363636363636364,0.576,10,2,2,1,0.32996662499999996,1,4,41.767250000000004,-87.9112125,"['None', 'NorthernRockiesPlains', 'South', 'Other', 'South', 'Other', 'South', 'Other']","[[30.5427, -132.053], [52.9945, -94.0237], [30.5342, -93.9559], [52.9994, -65.1151], [30.5342, -93.9559], [52.9994, -65.1151], [30.5342, -93.9559], [52.9994, -65.1151]]",Texas,South,0.0,same
37,pan,Foraging,2016-06-09 15:25:12.612,0.75,0.3333333333333333,7.766,10,2,2,1,0.0,1,4,41.7668,-79.5355,"['South', 'Other', 'South', 'Other', 'South', 'Other', 'South', 'Other']","[[30.5342, -93.9559], [52.9994, -65.1151], [30.5342, -93.9559], [52.9994, -65.1151], [30.5342, -93.9559], [52.9994, -65.1151], [30.5342, -93.9559], [52.9994, -65.1151]]",Texas,South,44.46504670837189,change
38,zoom,Navigation,2016-06-09 15:25:13.527,0.1875,0.6470588235294118,0.915,10,2,2,2,0.651013625,1,4,42.36835000000001,-113.94953749999999,"['None', 'West', 'None', 'UpperMidwest', 'None', 'Other', 'West', 'NorthernRockiesPlains']","[[35.4656, -124.134], [41.6637, -116.597], [30.5427, -116.467], [41.7484, -95.2126], [41.7792, -132.156], [52.9917, -116.51], [41.761, -116.496], [52.9945, -94.0237]]",None,None,0.0,change
39,zoom,Navigation,2016-06-09 15:25:14.150,0.8181818181818182,0.6571428571428571,0.623,10,2,2,3,0.657263,1,4,47.9384,-111.895675,"['None', 'NorthernRockiesPlains', 'SouthWest', 'NorthernRockiesPlains', 'None', 'Other', 'NorthernRockiesPlains', 'NorthernRockiesPlains']","[[41.7759, -124.65], [48.4972, -112.005], [41.7504, -111.985], [48.49, -98.502], [48.5013, -125.495], [52.9961, -112.008], [48.5, -111.989], [52.9963, -98.5314]]",None,NorthernRockiesPlains,0.0,same
40,pan,Navigation,2016-06-09 15:25:14.937,0.8235294117647058,0.3055555555555556,0.787,10,2,2,3,0.14302725,1,4,38.3121375,-96.623625,"['None', 'None', 'NorthWest', 'None', 'NorthWest', 'None', 'NorthWest']","[[49.1719, -132.156], [52.9938, -125.507], [49.1719, -132.156], [52.9938, -125.507], [49.1719, -132.156], [52.9938, -125.507]]",None,None,352.19575375319016,same
41,zoom,Navigation,2016-06-09 15:25:15.622,0.8285714285714286,0.6486486486486487,0.685,10,2,2,4,0.645461125,1,4,48.5021875,-118.64875,"['None', 'NorthWest', 'NorthWest', 'NorthernRockiesPlains', 'None', 'NorthWest', 'NorthWest', 'Other']","[[45.1393, -124.664], [48.4949, -118.763], [45.1357, -118.749], [48.4972, -112.017], [48.5002, -125.495], [51.8744, -118.758], [48.505, -118.734], [51.8708, -112.01]]",None,NorthWest,0.0,same
42,zoom,Navigation,2016-06-09 15:25:16.135,0.8333333333333334,0.6578947368421053,0.513,10,2,2,5,0.5751658749999999,1,4,46.913725,-118.759375,"['NorthWest', 'NorthWest', 'NorthWest', 'NorthWest', 'NorthWest', 'NorthWest', 'NorthWest', 'NorthernRockiesPlains']","[[45.2255, -122.077], [46.9143, -118.749], [45.2255, -118.573], [46.9131, -115.313], [46.9167, -122.076], [48.6073, -119.325], [46.9166, -118.648], [48.5908, -115.314]]",Washington,NorthWest,0.0,same
43,pan,Sensemaking,2016-06-09 15:25:19.608,0.5,0.6666666666666666,3.473,10,2,2,5,0.28559575000000004,1,4,47.3338625,-123.297125,"['NorthWest', 'NorthWest', 'None', 'NorthWest', 'None', 'NorthWest', 'None', 'NorthWest']","[[45.225, -124.028], [46.873, -122.084], [46.9181, -124.675], [48.6062, -122.08], [46.9181, -124.675], [48.6062, -122.08], [46.9181, -124.675], [48.6062, -122.08]]",Washington,NorthWest,351.61818916076663,change
44,zoom,Navigation,2016-06-09 15:25:22.366,0.1891891891891892,0.6666666666666666,2.758,10,3,2,4,0.645461125,1,5,48.5021875,-118.64875,"['None', 'NorthWest', 'NorthWest', 'NorthernRockiesPlains', 'None', 'NorthWest', 'NorthWest', 'Other']","[[45.1393, -124.664], [48.4949, -118.763], [45.1357, -118.749], [48.4972, -112.017], [48.5002, -125.495], [51.8744, -118.758], [48.505, -118.734], [51.8708, -112.01]]",None,NorthWest,0.0,change
45,zoom,Navigation,2016-06-09 15:25:22.751,0.8157894736842105,0.675,0.385,10,3,2,3,0.47314325,1,5,36.742025,-91.477625,"['None', 'None', 'NorthernRockiesPlains', 'None', 'NorthWest', 'None', 'Other']","[[41.7759, -124.65], [48.4972, -112.005], [49.1719, -132.156], [52.9938, -125.507], [48.5013, -125.495], [52.9961, -112.008]]",None,None,0.0,same
46,zoom,Navigation,2016-06-09 15:25:23.086,0.8205128205128205,0.6829268292682927,0.335,10,3,2,2,0.3336255,1,5,47.379675000000006,-110.0281375,"['None', 'Other', 'West', 'NorthernRockiesPlains', 'West', 'NorthernRockiesPlains', 'West', 'NorthernRockiesPlains']","[[41.7792, -132.156], [52.9917, -116.51], [41.761, -116.496], [52.9945, -94.0237], [41.761, -116.496], [52.9945, -94.0237], [41.761, -116.496], [52.9945, -94.0237]]",Nevada,West,0.0,same
47,zoom,Navigation,2016-06-09 15:25:23.622,0.825,0.6904761904761905,0.536,10,3,2,1,0.169158125,1,5,41.7686,-113.03835000000001,"['None', 'NorthernRockiesPlains', 'None', 'NorthernRockiesPlains', 'None', 'NorthernRockiesPlains', 'None', 'NorthernRockiesPlains']","[[30.5427, -132.053], [52.9945, -94.0237], [30.5427, -132.053], [52.9945, -94.0237], [30.5427, -132.053], [52.9945, -94.0237], [30.5427, -132.053], [52.9945, -94.0237]]",None,None,0.0,same
48,zoom,Navigation,2016-06-09 15:25:24.702,0.8292682926829268,0.6976744186046512,1.08,10,3,2,0,0.169186,1,5,34.103049999999996,-98.6128,"['None', 'Other', 'None', 'Other', 'None', 'Other', 'None', 'Other']","[[15.2153, -132.053], [52.9908, -65.1726], [15.2153, -132.053], [52.9908, -65.1726], [15.2153, -132.053], [52.9908, -65.1726], [15.2153, -132.053], [52.9908, -65.1726]]",None,None,0.0,same
49,pan,Foraging,2016-06-09 15:25:26.913,0.8,0.42857142857142855,2.211,10,3,2,0,0.0,1,5,34.103049999999996,-98.6128,"['None', 'Other', 'None', 'Other', 'None', 'Other', 'None', 'Other']","[[15.2153, -132.053], [52.9908, -65.1726], [15.2153, -132.053], [52.9908, -65.1726], [15.2153, -132.053], [52.9908, -65.1726], [15.2153, -132.053], [52.9908, -65.1726]]",None,None,355.17699870483347,change
50,zoom,Navigation,2016-06-09 15:25:28.614,0.19047619047619047,0.7045454545454546,1.701,10,3,2,1,0.32996662499999996,1,5,41.767250000000004,-87.9112125,"['None', 'NorthernRockiesPlains', 'South', 'Other', 'South', 'Other', 'South', 'Other']","[[30.5427, -132.053], [52.9945, -94.0237], [30.5342, -93.9559], [52.9994, -65.1151], [30.5342, -93.9559], [52.9994, -65.1151], [30.5342, -93.9559], [52.9994, -65.1151]]",Texas,South,0.0,change
51,pan,Navigation,2016-06-09 15:25:30.033,0.813953488372093,0.26666666666666666,1.419,10,3,2,1,0.29621175,1,5,23.180349999999997,-87.02857499999999,"['None', 'South', 'Other', 'None', 'Other', 'None', 'Other', 'None']","[[18.1367, -107.299], [30.3858, -97.2569], [15.1746, -86.0958], [30.4655, -77.7951], [15.1746, -86.0958], [30.4655, -77.7951], [15.1746, -86.0958], [30.4655, -77.7951]]",None,None,337.6156786054407,same
52,zoom,Navigation,2016-06-09 15:25:30.783,0.8181818181818182,0.6956521739130435,0.75,10,3,2,2,0.578702375,1,5,42.66595,-75.8294,"['South', 'Northeast', 'Northeast', 'Northeast', 'UpperMidwest', 'Northeast', 'Northeast', 'Northeast']","[[30.5342, -90.8979], [41.7187, -71.5601], [41.3786, -71.4974], [41.7272, -70.6166], [41.7904, -93.9831], [52.9994, -71.5039], [41.7966, -71.4782], [49.3825, -65.098]]",Rhode Island,Northeast,0.0,same
53,pan,Sensemaking,2016-06-09 15:25:31.922,0.5454545454545454,0.6923076923076923,1.139,10,3,2,2,0.0,1,5,45.58955,-68.2881,"['Northeast', 'Northeast', 'Northeast', 'Northeast', 'Northeast', 'Northeast', 'Northeast', 'Northeast']","[[41.7966, -71.4782], [49.3825, -65.098], [41.7966, -71.4782], [49.3825, -65.098], [41.7966, -71.4782], [49.3825, -65.098], [41.7966, -71.4782], [49.3825, -65.098]]",Rhode Island,Northeast,349.7326568068174,change
54,pan,Sensemaking,2016-06-09 15:25:32.945,0.5,0.7142857142857143,1.023,0,3,2,2,0.0,1,5,45.58955,-68.2881,"['Northeast', 'Northeast', 'Northeast', 'Northeast', 'Northeast', 'Northeast', 'Northeast', 'Northeast']","[[41.7966, -71.4782], [49.3825, -65.098], [41.7966, -71.4782], [49.3825, -65.098], [41.7966, -71.4782], [49.3825, -65.098], [41.7966, -71.4782], [49.3825, -65.098]]",Rhode Island,Northeast,350.2062349676922,same
55,pan,Sensemaking,2016-06-09 15:25:33.569,0.5384615384615384,0.7333333333333333,0.624,0,3,2,2,0.164454875,1,5,47.377750000000006,-105.25985,"['West', 'NorthernRockiesPlains', 'West', 'NorthernRockiesPlains', 'West', 'NorthernRockiesPlains', 'West', 'NorthernRockiesPlains']","[[41.761, -116.496], [52.9945, -94.0237], [41.761, -116.496], [52.9945, -94.0237], [41.761, -116.496], [52.9945, -94.0237], [41.761, -116.496], [52.9945, -94.0237]]",Nevada,West,8.090619015447627,same
56,pan,Sensemaking,2016-06-09 15:25:34.793,0.5714285714285714,0.75,1.224,0,3,2,2,0.0,1,5,47.377750000000006,-105.25985,"['West', 'NorthernRockiesPlains', 'West', 'NorthernRockiesPlains', 'West', 'NorthernRockiesPlains', 'West', 'NorthernRockiesPlains']","[[41.761, -116.496], [52.9945, -94.0237], [41.761, -116.496], [52.9945, -94.0237], [41.761, -116.496], [52.9945, -94.0237], [41.761, -116.496], [52.9945, -94.0237]]",Nevada,West,28.158997715073074,same
57,pan,Sensemaking,2016-06-09 15:25:35.745,0.6,0.7647058823529411,0.952,0,3,2,2,0.169170625,1,5,47.385450000000006,-124.333,"['None', 'Other', 'None', 'Other', 'None', 'Other', 'None', 'Other']","[[41.7792, -132.156], [52.9917, -116.51], [41.7792, -132.156], [52.9917, -116.51], [41.7792, -132.156], [52.9917, -116.51], [41.7792, -132.156], [52.9917, -116.51]]",None,None,8.728690587106307,same
58,zoom,Sensemaking,2016-06-09 15:25:36.462,0.625,0.16666666666666666,0.717,0,3,2,3,0.657263,1,5,47.9384,-111.895675,"['None', 'NorthernRockiesPlains', 'SouthWest', 'NorthernRockiesPlains', 'None', 'Other', 'NorthernRockiesPlains', 'NorthernRockiesPlains']","[[41.7759, -124.65], [48.4972, -112.005], [41.7504, -111.985], [48.49, -98.502], [48.5013, -125.495], [52.9961, -112.008], [48.5, -111.989], [52.9963, -98.5314]]",None,NorthernRockiesPlains,0.0,same
59,pan,Navigation,2016-06-09 15:25:39.457,0.2,0.2765957446808511,2.995,0,3,2,3,0.307306125,1,6,49.15365,-93.617475,"['NorthernRockiesPlains', 'NorthernRockiesPlains', 'NorthernRockiesPlains', 'NorthernRockiesPlains', 'NorthernRockiesPlains', 'NorthernRockiesPlains', 'NorthernRockiesPlains', 'NorthernRockiesPlains']","[[41.7644, -98.4982], [48.4885, -88.6355], [48.5025, -98.4653], [52.4896, -88.8034], [48.5025, -98.4653], [52.4896, -88.8034], [48.5025, -98.4653], [52.4896, -88.8034]]",Ontario,NorthernRockiesPlains,9.899053102439002,change
60,zoom,Navigation,2016-06-09 15:25:40.070,0.8043478260869565,0.6875,0.613,0,3,2,2,0.618309125,1,6,41.7611625,-93.7680375,"['None', 'UpperMidwest', 'South', 'Northeast', 'West', 'NorthernRockiesPlains', 'UpperMidwest', 'Northeast']","[[30.5427, -116.467], [41.7484, -95.2126], [30.5342, -90.8979], [41.7187, -71.5601], [41.761, -116.496], [52.9945, -94.0237], [41.7904, -93.9831], [52.9994, -71.5039]]",Iowa,UpperMidwest,0.0,same
61,zoom,Navigation,2016-06-09 15:25:40.702,0.8085106382978723,0.6938775510204082,0.632,0,3,2,1,0.32996662499999996,1,6,41.767250000000004,-87.9112125,"['None', 'NorthernRockiesPlains', 'South', 'Other', 'South', 'Other', 'South', 'Other']","[[30.5427, -132.053], [52.9945, -94.0237], [30.5342, -93.9559], [52.9994, -65.1151], [30.5342, -93.9559], [52.9994, -65.1151], [30.5342, -93.9559], [52.9994, -65.1151]]",Texas,South,0.0,same
62,pan,Foraging,2016-06-09 15:25:41.880,0.8333333333333334,0.5,1.178,0,3,2,1,0.29621175,1,6,23.180349999999997,-87.02857499999999,"['None', 'South', 'Other', 'None', 'Other', 'None', 'Other', 'None']","[[18.1367, -107.299], [30.3858, -97.2569], [15.1746, -86.0958], [30.4655, -77.7951], [15.1746, -86.0958], [30.4655, -77.7951], [15.1746, -86.0958], [30.4655, -77.7951]]",None,None,11.023858575564715,change
63,pan,Foraging,2016-06-09 15:25:43.233,0.2857142857142857,0.5555555555555556,1.353,0,3,2,1,0.0,1,6,22.82005,-81.94545,"['Other', 'None', 'Other', 'None', 'Other', 'None', 'Other', 'None']","[[15.1746, -86.0958], [30.4655, -77.7951], [15.1746, -86.0958], [30.4655, -77.7951], [15.1746, -86.0958], [30.4655, -77.7951], [15.1746, -86.0958], [30.4655, -77.7951]]",Olancho,Other,8.037548862214484,same
64,pan,Foraging,2016-06-09 15:25:45.321,0.375,0.6,2.088,0,3,2,1,0.0,1,6,22.82005,-81.94545,"['Other', 'None', 'Other', 'None', 'Other', 'None', 'Other', 'None']","[[15.1746, -86.0958], [30.4655, -77.7951], [15.1746, -86.0958], [30.4655, -77.7951], [15.1746, -86.0958], [30.4655, -77.7951], [15.1746, -86.0958], [30.4655, -77.7951]]",Olancho,Other,356.0478811412204,same
65,zoom,Foraging,2016-06-09 15:25:46.030,0.4444444444444444,0.18181818181818182,0.709,0,3,2,2,0.651013625,1,6,42.36835000000001,-113.94953749999999,"['None', 'West', 'None', 'UpperMidwest', 'None', 'Other', 'West', 'NorthernRockiesPlains']","[[35.4656, -124.134], [41.6637, -116.597], [30.5427, -116.467], [41.7484, -95.2126], [41.7792, -132.156], [52.9917, -116.51], [41.761, -116.496], [52.9945, -94.0237]]",None,None,0.0,same
66,pan,Foraging,2016-06-09 15:25:50.137,0.5,0.5833333333333334,4.107,0,3,2,2,0.29083649999999994,1,6,44.5777875,-82.364875,"['South', 'Northeast', 'UpperMidwest', 'Northeast', 'UpperMidwest', 'Northeast', 'UpperMidwest', 'Northeast']","[[30.5342, -90.8979], [41.7187, -71.5601], [41.7904, -93.9831], [52.9994, -71.5039], [41.7904, -93.9831], [52.9994, -71.5039], [41.7904, -93.9831], [52.9994, -71.5039]]",Iowa,Northeast,316.57765499996697,same
67,pan,Foraging,2016-06-09 15:25:51.881,0.5454545454545454,0.6153846153846154,1.744,0,3,2,2,0.0,1,6,47.3949,-82.7435,"['UpperMidwest', 'Northeast', 'UpperMidwest', 'Northeast', 'UpperMidwest', 'Northeast', 'UpperMidwest', 'Northeast']","[[41.7904, -93.9831], [52.9994, -71.5039], [41.7904, -93.9831], [52.9994, -71.5039], [41.7904, -93.9831], [52.9994, -71.5039], [41.7904, -93.9831], [52.9994, -71.5039]]",Iowa,UpperMidwest,336.56757399937055,same
68,pan,Foraging,2016-06-09 15:25:54.259,0.5833333333333334,0.6428571428571429,2.378,0,3,2,2,0.0,1,6,47.3949,-82.7435,"['UpperMidwest', 'Northeast', 'UpperMidwest', 'Northeast', 'UpperMidwest', 'Northeast', 'UpperMidwest', 'Northeast']","[[41.7904, -93.9831], [52.9994, -71.5039], [41.7904, -93.9831], [52.9994, -71.5039], [41.7904, -93.9831], [52.9994, -71.5039], [41.7904, -93.9831], [52.9994, -71.5039]]",Iowa,UpperMidwest,353.07076730927776,same
69,pan,Foraging,2016-06-09 15:25:55.377,0.6153846153846154,0.6666666666666666,1.118,0,3,2,2,0.0,1,6,47.3949,-82.7435,"['UpperMidwest', 'Northeast', 'UpperMidwest', 'Northeast', 'UpperMidwest', 'Northeast', 'UpperMidwest', 'Northeast']","[[41.7904, -93.9831], [52.9994, -71.5039], [41.7904, -93.9831], [52.9994, -71.5039], [41.7904, -93.9831], [52.9994, -71.5039], [41.7904, -93.9831], [52.9994, -71.5039]]",Iowa,UpperMidwest,24.10498357314347,same
70,zoom,Navigation,2016-06-09 15:25:55.990,0.20833333333333334,0.7,0.613,0,3,2,3,0.6344531250000001,1,6,47.8727125,-99.42622499999999,"['SouthWest', 'NorthernRockiesPlains', 'NorthernRockiesPlains', 'NorthernRockiesPlains', 'NorthernRockiesPlains', 'NorthernRockiesPlains', 'NorthernRockiesPlains', 'NorthernRockiesPlains']","[[41.7504, -111.985], [48.49, -98.502], [41.7644, -98.4982], [48.4885, -88.6355], [48.5, -111.989], [52.9963, -98.5314], [48.5025, -98.4653], [52.4896, -88.8034]]",North Dakota,NorthernRockiesPlains,0.0,change
71,pan,Navigation,2016-06-09 15:25:57.795,0.7959183673469388,0.27450980392156865,1.805,0,3,2,3,0.0,1,6,50.49605,-93.63435,"['NorthernRockiesPlains', 'NorthernRockiesPlains', 'NorthernRockiesPlains', 'NorthernRockiesPlains', 'NorthernRockiesPlains', 'NorthernRockiesPlains', 'NorthernRockiesPlains', 'NorthernRockiesPlains']","[[48.5025, -98.4653], [52.4896, -88.8034], [48.5025, -98.4653], [52.4896, -88.8034], [48.5025, -98.4653], [52.4896, -88.8034], [48.5025, -98.4653], [52.4896, -88.8034]]",North Dakota,NorthernRockiesPlains,350.60788869813393,same
72,zoom,Navigation,2016-06-09 15:25:58.319,0.8,0.6923076923076923,0.524,0,3,2,4,0.62642325,1,6,48.5008,-105.295525,"['NorthernRockiesPlains', 'NorthernRockiesPlains', 'NorthernRockiesPlains', 'NorthernRockiesPlains', 'NorthernRockiesPlains', 'Other', 'NorthernRockiesPlains', 'NorthernRockiesPlains']","[[45.1258, -111.985], [48.49, -105.253], [45.1276, -105.248], [48.4992, -98.8713], [48.5219, -111.994], [51.8747, -105.251], [48.5, -105.248], [51.8672, -98.5139]]",Montana,NorthernRockiesPlains,0.0,same
73,pan,Navigation,2016-06-09 15:26:00.362,0.803921568627451,0.2830188679245283,2.043,0,3,2,4,0.29904275,1,6,49.338375,-95.1148375,"['NorthernRockiesPlains', 'NorthernRockiesPlains', 'NorthernRockiesPlains', 'NorthernRockiesPlains', 'NorthernRockiesPlains', 'NorthernRockiesPlains', 'NorthernRockiesPlains', 'NorthernRockiesPlains']","[[45.1255, -98.4456], [48.458, -91.7582], [48.5025, -98.4831], [51.872, -91.7552], [48.5025, -98.4831], [51.872, -91.7552], [48.5025, -98.4831], [51.872, -91.7552]]",Ontario,NorthernRockiesPlains,351.7720288915448,same
74,zoom,Navigation,2016-06-09 15:26:00.959,0.8076923076923077,0.6851851851851852,0.597,0,3,2,5,0.592939375,1,6,47.00095,-101.954225,"['NorthernRockiesPlains', 'NorthernRockiesPlains', 'NorthernRockiesPlains', 'NorthernRockiesPlains', 'NorthernRockiesPlains', 'NorthernRockiesPlains', 'NorthernRockiesPlains', 'NorthernRockiesPlains']","[[45.2275, -105.159], [46.8152, -104.043], [45.9054, -100.353], [46.9152, -98.9483], [47.018, -105.154], [48.6036, -101.777], [46.9173, -101.775], [48.6054, -98.4245]]",North Dakota,NorthernRockiesPlains,0.0,same
75,pan,Sensemaking,2016-06-09 15:26:02.761,0.4117647058823529,0.7368421052631579,1.802,0,3,2,5,0.0,1,6,47.76135,-100.09975,"['NorthernRockiesPlains', 'NorthernRockiesPlains', 'NorthernRockiesPlains', 'NorthernRockiesPlains', 'NorthernRockiesPlains', 'NorthernRockiesPlains', 'NorthernRockiesPlains', 'NorthernRockiesPlains']","[[46.9173, -101.775], [48.6054, -98.4245], [46.9173, -101.775], [48.6054, -98.4245], [46.9173, -101.775], [48.6054, -98.4245], [46.9173, -101.775], [48.6054, -98.4245]]",North Dakota,NorthernRockiesPlains,351.6849583436176,change
76,zoom,Sensemaking,2016-06-09 15:26:03.206,0.6111111111111112,0.2,0.445,0,3,2,4,0.619396625,1,6,48.494,-98.5404125,"['NorthernRockiesPlains', 'NorthernRockiesPlains', 'NorthernRockiesPlains', 'NorthernRockiesPlains', 'NorthernRockiesPlains', 'NorthernRockiesPlains', 'NorthernRockiesPlains', 'NorthernRockiesPlains']","[[45.1276, -105.248], [48.4992, -98.8713], [45.1255, -98.4456], [48.458, -91.7582], [48.5, -105.248], [51.8672, -98.5139], [48.5025, -98.4831], [51.872, -91.7552]]",Montana,NorthernRockiesPlains,0.0,same
77,pan,Sensemaking,2016-06-09 15:26:10.302,0.631578947368421,0.7142857142857143,7.096,0,3,2,4,0.0,1,6,50.18725,-95.11914999999999,"['NorthernRockiesPlains', 'NorthernRockiesPlains', 'NorthernRockiesPlains', 'NorthernRockiesPlains', 'NorthernRockiesPlains', 'NorthernRockiesPlains', 'NorthernRockiesPlains', 'NorthernRockiesPlains']","[[48.5025, -98.4831], [51.872, -91.7552], [48.5025, -98.4831], [51.872, -91.7552], [48.5025, -98.4831], [51.872, -91.7552], [48.5025, -98.4831], [51.872, -91.7552]]",North Dakota,NorthernRockiesPlains,331.9571031197907,same
78,zoom,Sensemaking,2016-06-09 15:26:11.433,0.65,0.22727272727272727,1.131,0,3,2,5,0.481817875,2,6,37.479075,-76.7864,"['NorthernRockiesPlains', 'Other', 'NorthernRockiesPlains', 'NorthernRockiesPlains', 'Other', 'Other', 'None']","[[48.6097, -105.153], [50.2985, -101.777], [48.6086, -101.774], [50.1158, -98.3942], [50.3008, -105.159], [51.8992, -102.034]]",Saskatchewan,NorthernRockiesPlains,0.0,same
79,pan,Sensemaking,2016-06-09 15:26:14.754,0.6666666666666666,0.6956521739130435,3.321,0,3,2,5,0.314402,2,6,47.7737125,-100.9411875,"['NorthernRockiesPlains', 'NorthernRockiesPlains', 'NorthernRockiesPlains', 'NorthernRockiesPlains', 'NorthernRockiesPlains', 'NorthernRockiesPlains', 'NorthernRockiesPlains', 'NorthernRockiesPlains']","[[47.018, -105.154], [48.6036, -101.777], [46.9173, -101.775], [48.6054, -98.4245], [46.9173, -101.775], [48.6054, -98.4245], [46.9173, -101.775], [48.6054, -98.4245]]",North Dakota,NorthernRockiesPlains,18.750045372497922,same
80,pan,Sensemaking,2016-06-09 15:26:20.596,0.6818181818181818,0.7083333333333334,5.842,10,3,2,5,0.0,2,6,47.76135,-100.09975,"['NorthernRockiesPlains', 'NorthernRockiesPlains', 'NorthernRockiesPlains', 'NorthernRockiesPlains', 'NorthernRockiesPlains', 'NorthernRockiesPlains', 'NorthernRockiesPlains', 'NorthernRockiesPlains']","[[46.9173, -101.775], [48.6054, -98.4245], [46.9173, -101.775], [48.6054, -98.4245], [46.9173, -101.775], [48.6054, -98.4245], [46.9173, -101.775], [48.6054, -98.4245]]",North Dakota,NorthernRockiesPlains,321.0810196484196,same
81,pan,Sensemaking,2016-06-09 15:26:23.097,0.6956521739130435,0.72,2.501,10,3,2,5,0.0,2,6,47.76135,-100.09975,"['NorthernRockiesPlains', 'NorthernRockiesPlains', 'NorthernRockiesPlains', 'NorthernRockiesPlains', 'NorthernRockiesPlains', 'NorthernRockiesPlains', 'NorthernRockiesPlains', 'NorthernRockiesPlains']","[[46.9173, -101.775], [48.6054, -98.4245], [46.9173, -101.775], [48.6054, -98.4245], [46.9173, -101.775], [48.6054, -98.4245], [46.9173, -101.775], [48.6054, -98.4245]]",North Dakota,NorthernRockiesPlains,359.54219509766995,same
